solid OpenSCAD_Model
  facet normal -1 0 0
    outer loop
      vertex 51.2 33.3375 0
      vertex 51.2 31.3375 5
      vertex 51.2 33.3375 13
    endloop
  endfacet
  facet normal -1 0 0
    outer loop
      vertex 51.2 33.3375 0
      vertex 51.2 29.8375 5
      vertex 51.2 31.3375 5
    endloop
  endfacet
  facet normal -1 0 0
    outer loop
      vertex 51.2 29.8375 5
      vertex 51.2 27.8375 5
      vertex 51.2 29.8375 13
    endloop
  endfacet
  facet normal -1 0 0
    outer loop
      vertex 51.2 24.8375 0
      vertex 51.2 29.8375 5
      vertex 51.2 33.3375 0
    endloop
  endfacet
  facet normal -1 -0 0
    outer loop
      vertex 51.2 29.8375 5
      vertex 51.2 24.8375 0
      vertex 51.2 27.8375 5
    endloop
  endfacet
  facet normal -1 0 0
    outer loop
      vertex 51.2 3 0
      vertex 51.2 27.8375 5
      vertex 51.2 24.8375 0
    endloop
  endfacet
  facet normal -1 0 0
    outer loop
      vertex 51.2 0 5
      vertex 51.2 3 0
      vertex 51.2 0 0
    endloop
  endfacet
  facet normal -1 0 0
    outer loop
      vertex 51.2 3 0
      vertex 51.2 0 5
      vertex 51.2 27.8375 5
    endloop
  endfacet
  facet normal -1 -0 0
    outer loop
      vertex 51.2 33.3375 13
      vertex 51.2 31.3375 5
      vertex 51.2 31.3375 13
    endloop
  endfacet
  facet normal -1 -0 0
    outer loop
      vertex 51.2 29.8375 13
      vertex 51.2 27.8375 5
      vertex 51.2 27.8375 13
    endloop
  endfacet
  facet normal -0 0 1
    outer loop
      vertex 51.2 29.8375 13
      vertex 159.15 27.8375 13
      vertex 159.15 29.8375 13
    endloop
  endfacet
  facet normal 0 0 1
    outer loop
      vertex 159.15 27.8375 13
      vertex 51.2 29.8375 13
      vertex 51.2 27.8375 13
    endloop
  endfacet
  facet normal -0 0 1
    outer loop
      vertex 51.2 33.3375 13
      vertex 159.15 31.3375 13
      vertex 159.15 33.3375 13
    endloop
  endfacet
  facet normal 0 0 1
    outer loop
      vertex 159.15 31.3375 13
      vertex 51.2 33.3375 13
      vertex 51.2 31.3375 13
    endloop
  endfacet
  facet normal 1 0 0
    outer loop
      vertex 159.15 29.8375 13
      vertex 159.15 27.8375 13
      vertex 159.15 29.8375 5
    endloop
  endfacet
  facet normal 1 0 0
    outer loop
      vertex 159.15 31.3375 5
      vertex 159.15 33.3375 13
      vertex 159.15 31.3375 13
    endloop
  endfacet
  facet normal 1 0 0
    outer loop
      vertex 159.15 33.3375 13
      vertex 159.15 31.3375 5
      vertex 159.15 33.3375 0
    endloop
  endfacet
  facet normal 1 -0 0
    outer loop
      vertex 159.15 29.8375 5
      vertex 159.15 33.3375 0
      vertex 159.15 31.3375 5
    endloop
  endfacet
  facet normal 1 0 0
    outer loop
      vertex 159.15 27.8375 5
      vertex 159.15 29.8375 5
      vertex 159.15 27.8375 13
    endloop
  endfacet
  facet normal 1 0 0
    outer loop
      vertex 159.15 24.8375 0
      vertex 159.15 29.8375 5
      vertex 159.15 27.8375 5
    endloop
  endfacet
  facet normal 1 0 0
    outer loop
      vertex 159.15 29.8375 5
      vertex 159.15 24.8375 0
      vertex 159.15 33.3375 0
    endloop
  endfacet
  facet normal 1 0 0
    outer loop
      vertex 159.15 27.8375 5
      vertex 159.15 3 0
      vertex 159.15 24.8375 0
    endloop
  endfacet
  facet normal 1 -0 0
    outer loop
      vertex 159.15 0 5
      vertex 159.15 3 0
      vertex 159.15 27.8375 5
    endloop
  endfacet
  facet normal 1 0 0
    outer loop
      vertex 159.15 3 0
      vertex 159.15 0 5
      vertex 159.15 0 0
    endloop
  endfacet
  facet normal 0 0 -1
    outer loop
      vertex 51.2 0 0
      vertex 53.0519 0.228361 0
      vertex 54.2 0 0
    endloop
  endfacet
  facet normal 0 0 -1
    outer loop
      vertex 51.2 0 0
      vertex 52.0787 0.878679 0
      vertex 53.0519 0.228361 0
    endloop
  endfacet
  facet normal 0 0 -1
    outer loop
      vertex 51.2 0 0
      vertex 51.4284 1.85195 0
      vertex 52.0787 0.878679 0
    endloop
  endfacet
  facet normal -0 0 -1
    outer loop
      vertex 51.4284 1.85195 0
      vertex 51.2 0 0
      vertex 51.2 3 0
    endloop
  endfacet
  facet normal 0 0 -1
    outer loop
      vertex 159.15 0 0
      vertex 158.922 1.85195 0
      vertex 159.15 3 0
    endloop
  endfacet
  facet normal 0 0 -1
    outer loop
      vertex 159.15 0 0
      vertex 158.271 0.878679 0
      vertex 158.922 1.85195 0
    endloop
  endfacet
  facet normal 0 0 -1
    outer loop
      vertex 159.15 0 0
      vertex 157.298 0.228361 0
      vertex 158.271 0.878679 0
    endloop
  endfacet
  facet normal 0 -0 -1
    outer loop
      vertex 157.298 0.228361 0
      vertex 159.15 0 0
      vertex 156.15 0 0
    endloop
  endfacet
  facet normal 0 0 -1
    outer loop
      vertex 56.9716 23.6894 0
      vertex 153.378 23.6894 0
      vertex 56.9716 4.14805 0
    endloop
  endfacet
  facet normal 0 0 -1
    outer loop
      vertex 153.378 23.6894 0
      vertex 56.9716 23.6894 0
      vertex 57.2 24.8375 0
    endloop
  endfacet
  facet normal 0 0 -1
    outer loop
      vertex 56.3213 5.12132 0
      vertex 56.9716 23.6894 0
      vertex 56.9716 4.14805 0
    endloop
  endfacet
  facet normal 0 0 -1
    outer loop
      vertex 56.3213 5.12132 0
      vertex 56.3213 22.7162 0
      vertex 56.9716 23.6894 0
    endloop
  endfacet
  facet normal 0 0 -1
    outer loop
      vertex 55.348 5.77164 0
      vertex 56.3213 22.7162 0
      vertex 56.3213 5.12132 0
    endloop
  endfacet
  facet normal 0 0 -1
    outer loop
      vertex 55.348 5.77164 0
      vertex 55.348 22.0659 0
      vertex 56.3213 22.7162 0
    endloop
  endfacet
  facet normal 0 0 -1
    outer loop
      vertex 54.2 6 0
      vertex 55.348 22.0659 0
      vertex 55.348 5.77164 0
    endloop
  endfacet
  facet normal 0 0 -1
    outer loop
      vertex 54.2 6 0
      vertex 54.2 21.8375 0
      vertex 55.348 22.0659 0
    endloop
  endfacet
  facet normal 0 0 -1
    outer loop
      vertex 53.0519 5.77164 0
      vertex 54.2 21.8375 0
      vertex 54.2 6 0
    endloop
  endfacet
  facet normal 0 0 -1
    outer loop
      vertex 53.0519 5.77164 0
      vertex 53.0519 22.0659 0
      vertex 54.2 21.8375 0
    endloop
  endfacet
  facet normal 0 0 -1
    outer loop
      vertex 52.0787 5.12132 0
      vertex 53.0519 22.0659 0
      vertex 53.0519 5.77164 0
    endloop
  endfacet
  facet normal 0 0 -1
    outer loop
      vertex 52.0787 5.12132 0
      vertex 52.0787 22.7162 0
      vertex 53.0519 22.0659 0
    endloop
  endfacet
  facet normal 0 0 -1
    outer loop
      vertex 51.4284 4.14805 0
      vertex 52.0787 22.7162 0
      vertex 52.0787 5.12132 0
    endloop
  endfacet
  facet normal 0 0 -1
    outer loop
      vertex 51.4284 4.14805 0
      vertex 51.4284 23.6894 0
      vertex 52.0787 22.7162 0
    endloop
  endfacet
  facet normal 0 0 -1
    outer loop
      vertex 51.2 3 0
      vertex 51.4284 23.6894 0
      vertex 51.4284 4.14805 0
    endloop
  endfacet
  facet normal -0 0 -1
    outer loop
      vertex 51.4284 23.6894 0
      vertex 51.2 3 0
      vertex 51.2 24.8375 0
    endloop
  endfacet
  facet normal 0 0 -1
    outer loop
      vertex 153.378 4.14805 0
      vertex 56.9716 4.14805 0
      vertex 153.378 23.6894 0
    endloop
  endfacet
  facet normal 0 0 -1
    outer loop
      vertex 153.378 1.85195 0
      vertex 57.2 3 0
      vertex 153.15 3 0
    endloop
  endfacet
  facet normal 0 0 -1
    outer loop
      vertex 56.9716 1.85195 0
      vertex 153.378 1.85195 0
      vertex 154.029 0.878679 0
    endloop
  endfacet
  facet normal 0 0 -1
    outer loop
      vertex 56.3213 0.878679 0
      vertex 154.029 0.878679 0
      vertex 155.002 0.228361 0
    endloop
  endfacet
  facet normal 0 0 -1
    outer loop
      vertex 55.348 0.228361 0
      vertex 155.002 0.228361 0
      vertex 156.15 0 0
    endloop
  endfacet
  facet normal 0 0 -1
    outer loop
      vertex 153.378 1.85195 0
      vertex 56.9716 1.85195 0
      vertex 57.2 3 0
    endloop
  endfacet
  facet normal 0 0 -1
    outer loop
      vertex 154.029 0.878679 0
      vertex 56.3213 0.878679 0
      vertex 56.9716 1.85195 0
    endloop
  endfacet
  facet normal 0 0 -1
    outer loop
      vertex 155.002 0.228361 0
      vertex 55.348 0.228361 0
      vertex 56.3213 0.878679 0
    endloop
  endfacet
  facet normal 0 -0 -1
    outer loop
      vertex 55.348 0.228361 0
      vertex 156.15 0 0
      vertex 54.2 0 0
    endloop
  endfacet
  facet normal 0 0 -1
    outer loop
      vertex 158.922 4.14805 0
      vertex 159.15 24.8375 0
      vertex 159.15 3 0
    endloop
  endfacet
  facet normal 0 0 -1
    outer loop
      vertex 158.922 4.14805 0
      vertex 158.922 23.6894 0
      vertex 159.15 24.8375 0
    endloop
  endfacet
  facet normal 0 0 -1
    outer loop
      vertex 158.271 5.12132 0
      vertex 158.922 23.6894 0
      vertex 158.922 4.14805 0
    endloop
  endfacet
  facet normal 0 0 -1
    outer loop
      vertex 158.271 5.12132 0
      vertex 158.271 22.7162 0
      vertex 158.922 23.6894 0
    endloop
  endfacet
  facet normal 0 0 -1
    outer loop
      vertex 157.298 5.77164 0
      vertex 158.271 22.7162 0
      vertex 158.271 5.12132 0
    endloop
  endfacet
  facet normal 0 0 -1
    outer loop
      vertex 157.298 5.77164 0
      vertex 157.298 22.0659 0
      vertex 158.271 22.7162 0
    endloop
  endfacet
  facet normal 0 0 -1
    outer loop
      vertex 156.15 6 0
      vertex 157.298 22.0659 0
      vertex 157.298 5.77164 0
    endloop
  endfacet
  facet normal 0 0 -1
    outer loop
      vertex 156.15 6 0
      vertex 156.15 21.8375 0
      vertex 157.298 22.0659 0
    endloop
  endfacet
  facet normal 0 0 -1
    outer loop
      vertex 155.002 5.77164 0
      vertex 156.15 21.8375 0
      vertex 156.15 6 0
    endloop
  endfacet
  facet normal 0 0 -1
    outer loop
      vertex 155.002 5.77164 0
      vertex 155.002 22.0659 0
      vertex 156.15 21.8375 0
    endloop
  endfacet
  facet normal 0 0 -1
    outer loop
      vertex 154.029 5.12132 0
      vertex 155.002 22.0659 0
      vertex 155.002 5.77164 0
    endloop
  endfacet
  facet normal 0 0 -1
    outer loop
      vertex 154.029 5.12132 0
      vertex 154.029 22.7162 0
      vertex 155.002 22.0659 0
    endloop
  endfacet
  facet normal 0 0 -1
    outer loop
      vertex 153.378 4.14805 0
      vertex 154.029 22.7162 0
      vertex 154.029 5.12132 0
    endloop
  endfacet
  facet normal 0 0 -1
    outer loop
      vertex 153.378 4.14805 0
      vertex 153.378 23.6894 0
      vertex 154.029 22.7162 0
    endloop
  endfacet
  facet normal 0 0 -1
    outer loop
      vertex 57.2 3 0
      vertex 153.378 4.14805 0
      vertex 153.15 3 0
    endloop
  endfacet
  facet normal 0 0 -1
    outer loop
      vertex 56.9716 4.14805 0
      vertex 153.378 4.14805 0
      vertex 57.2 3 0
    endloop
  endfacet
  facet normal 0 0 -1
    outer loop
      vertex 158.922 25.9855 0
      vertex 159.15 33.3375 0
      vertex 159.15 24.8375 0
    endloop
  endfacet
  facet normal 0 0 -1
    outer loop
      vertex 158.271 26.9588 0
      vertex 159.15 33.3375 0
      vertex 158.922 25.9855 0
    endloop
  endfacet
  facet normal 0 0 -1
    outer loop
      vertex 157.298 27.6091 0
      vertex 159.15 33.3375 0
      vertex 158.271 26.9588 0
    endloop
  endfacet
  facet normal 0 0 -1
    outer loop
      vertex 156.15 27.8375 0
      vertex 159.15 33.3375 0
      vertex 157.298 27.6091 0
    endloop
  endfacet
  facet normal 0 0 -1
    outer loop
      vertex 155.002 27.6091 0
      vertex 159.15 33.3375 0
      vertex 156.15 27.8375 0
    endloop
  endfacet
  facet normal 0 0 -1
    outer loop
      vertex 154.029 26.9588 0
      vertex 159.15 33.3375 0
      vertex 155.002 27.6091 0
    endloop
  endfacet
  facet normal 0 0 -1
    outer loop
      vertex 153.378 23.6894 0
      vertex 57.2 24.8375 0
      vertex 153.15 24.8375 0
    endloop
  endfacet
  facet normal 0 0 -1
    outer loop
      vertex 153.15 24.8375 0
      vertex 57.2 24.8375 0
      vertex 153.378 25.9855 0
    endloop
  endfacet
  facet normal 0 0 -1
    outer loop
      vertex 56.9716 25.9855 0
      vertex 153.378 25.9855 0
      vertex 57.2 24.8375 0
    endloop
  endfacet
  facet normal 0 0 -1
    outer loop
      vertex 153.378 25.9855 0
      vertex 56.9716 25.9855 0
      vertex 154.029 26.9588 0
    endloop
  endfacet
  facet normal 0 0 -1
    outer loop
      vertex 56.3213 26.9588 0
      vertex 154.029 26.9588 0
      vertex 56.9716 25.9855 0
    endloop
  endfacet
  facet normal 0 0 -1
    outer loop
      vertex 154.029 26.9588 0
      vertex 56.3213 26.9588 0
      vertex 159.15 33.3375 0
    endloop
  endfacet
  facet normal 0 0 -1
    outer loop
      vertex 51.2 33.3375 0
      vertex 56.3213 26.9588 0
      vertex 55.348 27.6091 0
    endloop
  endfacet
  facet normal 0 0 -1
    outer loop
      vertex 51.2 33.3375 0
      vertex 55.348 27.6091 0
      vertex 54.2 27.8375 0
    endloop
  endfacet
  facet normal 0 0 -1
    outer loop
      vertex 56.3213 26.9588 0
      vertex 51.2 33.3375 0
      vertex 159.15 33.3375 0
    endloop
  endfacet
  facet normal 0 0 -1
    outer loop
      vertex 53.0519 27.6091 0
      vertex 51.2 33.3375 0
      vertex 54.2 27.8375 0
    endloop
  endfacet
  facet normal 0 0 -1
    outer loop
      vertex 52.0787 26.9588 0
      vertex 51.2 33.3375 0
      vertex 53.0519 27.6091 0
    endloop
  endfacet
  facet normal 0 0 -1
    outer loop
      vertex 51.4284 25.9855 0
      vertex 51.2 33.3375 0
      vertex 52.0787 26.9588 0
    endloop
  endfacet
  facet normal 0 0 -1
    outer loop
      vertex 51.2 33.3375 0
      vertex 51.4284 25.9855 0
      vertex 51.2 24.8375 0
    endloop
  endfacet
  facet normal 0 -1 0
    outer loop
      vertex 51.2 27.8375 5
      vertex 159.15 27.8375 13
      vertex 51.2 27.8375 13
    endloop
  endfacet
  facet normal 0 -1 -0
    outer loop
      vertex 159.15 27.8375 13
      vertex 51.2 27.8375 5
      vertex 159.15 27.8375 5
    endloop
  endfacet
  facet normal 0 1 -0
    outer loop
      vertex 159.15 33.3375 0
      vertex 51.2 33.3375 13
      vertex 159.15 33.3375 13
    endloop
  endfacet
  facet normal 0 1 0
    outer loop
      vertex 51.2 33.3375 13
      vertex 159.15 33.3375 0
      vertex 51.2 33.3375 0
    endloop
  endfacet
  facet normal -0 0 1
    outer loop
      vertex 51.2 27.8375 5
      vertex 159.15 0 5
      vertex 159.15 27.8375 5
    endloop
  endfacet
  facet normal 0 0 1
    outer loop
      vertex 159.15 0 5
      vertex 51.2 27.8375 5
      vertex 51.2 0 5
    endloop
  endfacet
  facet normal -0 0 1
    outer loop
      vertex 51.2 31.3375 5
      vertex 159.15 29.8375 5
      vertex 159.15 31.3375 5
    endloop
  endfacet
  facet normal 0 0 1
    outer loop
      vertex 159.15 29.8375 5
      vertex 51.2 31.3375 5
      vertex 51.2 29.8375 5
    endloop
  endfacet
  facet normal 0 1 -0
    outer loop
      vertex 159.15 29.8375 5
      vertex 51.2 29.8375 13
      vertex 159.15 29.8375 13
    endloop
  endfacet
  facet normal 0 1 0
    outer loop
      vertex 51.2 29.8375 13
      vertex 159.15 29.8375 5
      vertex 51.2 29.8375 5
    endloop
  endfacet
  facet normal 0 -1 0
    outer loop
      vertex 51.2 31.3375 5
      vertex 159.15 31.3375 13
      vertex 51.2 31.3375 13
    endloop
  endfacet
  facet normal 0 -1 -0
    outer loop
      vertex 159.15 31.3375 13
      vertex 51.2 31.3375 5
      vertex 159.15 31.3375 5
    endloop
  endfacet
  facet normal 0.980779 0.195122 0
    outer loop
      vertex 57.2 3 0
      vertex 56.9716 4.14805 -1
      vertex 56.9716 4.14805 0
    endloop
  endfacet
  facet normal 0.980779 0.195122 0
    outer loop
      vertex 56.9716 4.14805 -1
      vertex 57.2 3 0
      vertex 57.2 3 -1
    endloop
  endfacet
  facet normal -0.195081 0.980787 0
    outer loop
      vertex 54.2 6 -1
      vertex 53.0519 5.77164 0
      vertex 54.2 6 0
    endloop
  endfacet
  facet normal -0.195081 0.980787 0
    outer loop
      vertex 53.0519 5.77164 0
      vertex 54.2 6 -1
      vertex 53.0519 5.77164 -1
    endloop
  endfacet
  facet normal 0.195098 -0.980784 0
    outer loop
      vertex 54.2 0 -1
      vertex 55.348 0.228361 0
      vertex 54.2 0 0
    endloop
  endfacet
  facet normal 0.195098 -0.980784 0
    outer loop
      vertex 55.348 0.228361 0
      vertex 54.2 0 -1
      vertex 55.348 0.228361 -1
    endloop
  endfacet
  facet normal 0.555559 0.831477 -0
    outer loop
      vertex 56.3213 5.12132 -1
      vertex 55.348 5.77164 0
      vertex 56.3213 5.12132 0
    endloop
  endfacet
  facet normal 0.555559 0.831477 0
    outer loop
      vertex 55.348 5.77164 0
      vertex 56.3213 5.12132 -1
      vertex 55.348 5.77164 -1
    endloop
  endfacet
  facet normal 0.831477 0.555559 0
    outer loop
      vertex 56.9716 4.14805 0
      vertex 56.3213 5.12132 -1
      vertex 56.3213 5.12132 0
    endloop
  endfacet
  facet normal 0.831477 0.555559 0
    outer loop
      vertex 56.3213 5.12132 -1
      vertex 56.9716 4.14805 0
      vertex 56.9716 4.14805 -1
    endloop
  endfacet
  facet normal 0.195097 0.980784 -0
    outer loop
      vertex 55.348 5.77164 -1
      vertex 54.2 6 0
      vertex 55.348 5.77164 0
    endloop
  endfacet
  facet normal 0.195097 0.980784 0
    outer loop
      vertex 54.2 6 0
      vertex 55.348 5.77164 -1
      vertex 54.2 6 -1
    endloop
  endfacet
  facet normal -0.831477 0.555559 0
    outer loop
      vertex 51.4284 4.14805 -1
      vertex 52.0787 5.12132 0
      vertex 52.0787 5.12132 -1
    endloop
  endfacet
  facet normal -0.831477 0.555559 0
    outer loop
      vertex 52.0787 5.12132 0
      vertex 51.4284 4.14805 -1
      vertex 51.4284 4.14805 0
    endloop
  endfacet
  facet normal 0 0 -1
    outer loop
      vertex 56.9716 1.85195 -1
      vertex 56.9716 4.14805 -1
      vertex 57.2 3 -1
    endloop
  endfacet
  facet normal 0 0 -1
    outer loop
      vertex 56.3213 0.878679 -1
      vertex 56.9716 4.14805 -1
      vertex 56.9716 1.85195 -1
    endloop
  endfacet
  facet normal 0 0 -1
    outer loop
      vertex 56.3213 0.878679 -1
      vertex 56.3213 5.12132 -1
      vertex 56.9716 4.14805 -1
    endloop
  endfacet
  facet normal 0 0 -1
    outer loop
      vertex 55.348 0.228361 -1
      vertex 56.3213 5.12132 -1
      vertex 56.3213 0.878679 -1
    endloop
  endfacet
  facet normal 0 0 -1
    outer loop
      vertex 55.348 0.228361 -1
      vertex 55.348 5.77164 -1
      vertex 56.3213 5.12132 -1
    endloop
  endfacet
  facet normal 0 0 -1
    outer loop
      vertex 54.2 0 -1
      vertex 55.348 5.77164 -1
      vertex 55.348 0.228361 -1
    endloop
  endfacet
  facet normal 0 0 -1
    outer loop
      vertex 54.2 0 -1
      vertex 54.2 6 -1
      vertex 55.348 5.77164 -1
    endloop
  endfacet
  facet normal 0 0 -1
    outer loop
      vertex 53.0519 0.228361 -1
      vertex 54.2 6 -1
      vertex 54.2 0 -1
    endloop
  endfacet
  facet normal 0 0 -1
    outer loop
      vertex 53.0519 0.228361 -1
      vertex 53.0519 5.77164 -1
      vertex 54.2 6 -1
    endloop
  endfacet
  facet normal 0 0 -1
    outer loop
      vertex 52.0787 0.878679 -1
      vertex 53.0519 5.77164 -1
      vertex 53.0519 0.228361 -1
    endloop
  endfacet
  facet normal 0 0 -1
    outer loop
      vertex 52.0787 0.878679 -1
      vertex 52.0787 5.12132 -1
      vertex 53.0519 5.77164 -1
    endloop
  endfacet
  facet normal 0 0 -1
    outer loop
      vertex 51.4284 1.85195 -1
      vertex 52.0787 5.12132 -1
      vertex 52.0787 0.878679 -1
    endloop
  endfacet
  facet normal 0 0 -1
    outer loop
      vertex 51.4284 1.85195 -1
      vertex 51.4284 4.14805 -1
      vertex 52.0787 5.12132 -1
    endloop
  endfacet
  facet normal 0 -0 -1
    outer loop
      vertex 51.4284 4.14805 -1
      vertex 51.4284 1.85195 -1
      vertex 51.2 3 -1
    endloop
  endfacet
  facet normal -0.980779 0.195122 0
    outer loop
      vertex 51.2 3 -1
      vertex 51.4284 4.14805 0
      vertex 51.4284 4.14805 -1
    endloop
  endfacet
  facet normal -0.980779 0.195122 0
    outer loop
      vertex 51.4284 4.14805 0
      vertex 51.2 3 -1
      vertex 51.2 3 0
    endloop
  endfacet
  facet normal -0.555599 0.83145 0
    outer loop
      vertex 53.0519 5.77164 -1
      vertex 52.0787 5.12132 0
      vertex 53.0519 5.77164 0
    endloop
  endfacet
  facet normal -0.555599 0.83145 0
    outer loop
      vertex 52.0787 5.12132 0
      vertex 53.0519 5.77164 -1
      vertex 52.0787 5.12132 -1
    endloop
  endfacet
  facet normal 0.980779 -0.195122 0
    outer loop
      vertex 56.9716 1.85195 0
      vertex 57.2 3 -1
      vertex 57.2 3 0
    endloop
  endfacet
  facet normal 0.980779 -0.195122 0
    outer loop
      vertex 57.2 3 -1
      vertex 56.9716 1.85195 0
      vertex 56.9716 1.85195 -1
    endloop
  endfacet
  facet normal -0.195082 -0.980787 0
    outer loop
      vertex 53.0519 0.228361 -1
      vertex 54.2 0 0
      vertex 53.0519 0.228361 0
    endloop
  endfacet
  facet normal -0.195082 -0.980787 -0
    outer loop
      vertex 54.2 0 0
      vertex 53.0519 0.228361 -1
      vertex 54.2 0 -1
    endloop
  endfacet
  facet normal -0.831477 -0.555559 0
    outer loop
      vertex 52.0787 0.878679 -1
      vertex 51.4284 1.85195 0
      vertex 51.4284 1.85195 -1
    endloop
  endfacet
  facet normal -0.831477 -0.555559 0
    outer loop
      vertex 51.4284 1.85195 0
      vertex 52.0787 0.878679 -1
      vertex 52.0787 0.878679 0
    endloop
  endfacet
  facet normal -0.980779 -0.195122 0
    outer loop
      vertex 51.4284 1.85195 -1
      vertex 51.2 3 0
      vertex 51.2 3 -1
    endloop
  endfacet
  facet normal -0.980779 -0.195122 0
    outer loop
      vertex 51.2 3 0
      vertex 51.4284 1.85195 -1
      vertex 51.4284 1.85195 0
    endloop
  endfacet
  facet normal 0.831477 -0.555559 0
    outer loop
      vertex 56.3213 0.878679 0
      vertex 56.9716 1.85195 -1
      vertex 56.9716 1.85195 0
    endloop
  endfacet
  facet normal 0.831477 -0.555559 0
    outer loop
      vertex 56.9716 1.85195 -1
      vertex 56.3213 0.878679 0
      vertex 56.3213 0.878679 -1
    endloop
  endfacet
  facet normal 0.555558 -0.831478 0
    outer loop
      vertex 55.348 0.228361 -1
      vertex 56.3213 0.878679 0
      vertex 55.348 0.228361 0
    endloop
  endfacet
  facet normal 0.555558 -0.831478 0
    outer loop
      vertex 56.3213 0.878679 0
      vertex 55.348 0.228361 -1
      vertex 56.3213 0.878679 -1
    endloop
  endfacet
  facet normal -0.555598 -0.831451 0
    outer loop
      vertex 52.0787 0.878679 -1
      vertex 53.0519 0.228361 0
      vertex 52.0787 0.878679 0
    endloop
  endfacet
  facet normal -0.555598 -0.831451 -0
    outer loop
      vertex 53.0519 0.228361 0
      vertex 52.0787 0.878679 -1
      vertex 53.0519 0.228361 -1
    endloop
  endfacet
  facet normal 0.980777 0.19513 0
    outer loop
      vertex 57.2 24.8375 0
      vertex 56.9716 25.9855 -1
      vertex 56.9716 25.9855 0
    endloop
  endfacet
  facet normal 0.980777 0.19513 0
    outer loop
      vertex 56.9716 25.9855 -1
      vertex 57.2 24.8375 0
      vertex 57.2 24.8375 -1
    endloop
  endfacet
  facet normal -0.195114 0.980781 0
    outer loop
      vertex 54.2 27.8375 -1
      vertex 53.0519 27.6091 0
      vertex 54.2 27.8375 0
    endloop
  endfacet
  facet normal -0.195114 0.980781 0
    outer loop
      vertex 53.0519 27.6091 0
      vertex 54.2 27.8375 -1
      vertex 53.0519 27.6091 -1
    endloop
  endfacet
  facet normal 0.555548 0.831485 -0
    outer loop
      vertex 56.3213 26.9588 -1
      vertex 55.348 27.6091 0
      vertex 56.3213 26.9588 0
    endloop
  endfacet
  facet normal 0.555548 0.831485 0
    outer loop
      vertex 55.348 27.6091 0
      vertex 56.3213 26.9588 -1
      vertex 55.348 27.6091 -1
    endloop
  endfacet
  facet normal 0.831485 0.555548 0
    outer loop
      vertex 56.9716 25.9855 0
      vertex 56.3213 26.9588 -1
      vertex 56.3213 26.9588 0
    endloop
  endfacet
  facet normal 0.831485 0.555548 0
    outer loop
      vertex 56.3213 26.9588 -1
      vertex 56.9716 25.9855 0
      vertex 56.9716 25.9855 -1
    endloop
  endfacet
  facet normal 0.19513 0.980777 -0
    outer loop
      vertex 55.348 27.6091 -1
      vertex 54.2 27.8375 0
      vertex 55.348 27.6091 0
    endloop
  endfacet
  facet normal 0.19513 0.980777 0
    outer loop
      vertex 54.2 27.8375 0
      vertex 55.348 27.6091 -1
      vertex 54.2 27.8375 -1
    endloop
  endfacet
  facet normal -0.831485 0.555548 0
    outer loop
      vertex 51.4284 25.9855 -1
      vertex 52.0787 26.9588 0
      vertex 52.0787 26.9588 -1
    endloop
  endfacet
  facet normal -0.831485 0.555548 0
    outer loop
      vertex 52.0787 26.9588 0
      vertex 51.4284 25.9855 -1
      vertex 51.4284 25.9855 0
    endloop
  endfacet
  facet normal 0 0 -1
    outer loop
      vertex 56.9716 23.6894 -1
      vertex 56.9716 25.9855 -1
      vertex 57.2 24.8375 -1
    endloop
  endfacet
  facet normal 0 0 -1
    outer loop
      vertex 56.3213 22.7162 -1
      vertex 56.9716 25.9855 -1
      vertex 56.9716 23.6894 -1
    endloop
  endfacet
  facet normal 0 0 -1
    outer loop
      vertex 56.3213 22.7162 -1
      vertex 56.3213 26.9588 -1
      vertex 56.9716 25.9855 -1
    endloop
  endfacet
  facet normal 0 0 -1
    outer loop
      vertex 55.348 22.0659 -1
      vertex 56.3213 26.9588 -1
      vertex 56.3213 22.7162 -1
    endloop
  endfacet
  facet normal 0 0 -1
    outer loop
      vertex 55.348 22.0659 -1
      vertex 55.348 27.6091 -1
      vertex 56.3213 26.9588 -1
    endloop
  endfacet
  facet normal 0 0 -1
    outer loop
      vertex 54.2 21.8375 -1
      vertex 55.348 27.6091 -1
      vertex 55.348 22.0659 -1
    endloop
  endfacet
  facet normal 0 0 -1
    outer loop
      vertex 54.2 21.8375 -1
      vertex 54.2 27.8375 -1
      vertex 55.348 27.6091 -1
    endloop
  endfacet
  facet normal 0 0 -1
    outer loop
      vertex 53.0519 22.0659 -1
      vertex 54.2 27.8375 -1
      vertex 54.2 21.8375 -1
    endloop
  endfacet
  facet normal 0 0 -1
    outer loop
      vertex 53.0519 22.0659 -1
      vertex 53.0519 27.6091 -1
      vertex 54.2 27.8375 -1
    endloop
  endfacet
  facet normal 0 0 -1
    outer loop
      vertex 52.0787 22.7162 -1
      vertex 53.0519 27.6091 -1
      vertex 53.0519 22.0659 -1
    endloop
  endfacet
  facet normal 0 0 -1
    outer loop
      vertex 52.0787 22.7162 -1
      vertex 52.0787 26.9588 -1
      vertex 53.0519 27.6091 -1
    endloop
  endfacet
  facet normal 0 0 -1
    outer loop
      vertex 51.4284 23.6894 -1
      vertex 52.0787 26.9588 -1
      vertex 52.0787 22.7162 -1
    endloop
  endfacet
  facet normal 0 0 -1
    outer loop
      vertex 51.4284 23.6894 -1
      vertex 51.4284 25.9855 -1
      vertex 52.0787 26.9588 -1
    endloop
  endfacet
  facet normal 0 -0 -1
    outer loop
      vertex 51.4284 25.9855 -1
      vertex 51.4284 23.6894 -1
      vertex 51.2 24.8375 -1
    endloop
  endfacet
  facet normal -0.980777 0.19513 0
    outer loop
      vertex 51.2 24.8375 -1
      vertex 51.4284 25.9855 0
      vertex 51.4284 25.9855 -1
    endloop
  endfacet
  facet normal -0.980777 0.19513 0
    outer loop
      vertex 51.4284 25.9855 0
      vertex 51.2 24.8375 -1
      vertex 51.2 24.8375 0
    endloop
  endfacet
  facet normal -0.555587 0.831458 0
    outer loop
      vertex 53.0519 27.6091 -1
      vertex 52.0787 26.9588 0
      vertex 53.0519 27.6091 0
    endloop
  endfacet
  facet normal -0.555587 0.831458 0
    outer loop
      vertex 52.0787 26.9588 0
      vertex 53.0519 27.6091 -1
      vertex 52.0787 26.9588 -1
    endloop
  endfacet
  facet normal -0.195114 -0.980781 0
    outer loop
      vertex 53.0519 22.0659 -1
      vertex 54.2 21.8375 0
      vertex 53.0519 22.0659 0
    endloop
  endfacet
  facet normal -0.195114 -0.980781 -0
    outer loop
      vertex 54.2 21.8375 0
      vertex 53.0519 22.0659 -1
      vertex 54.2 21.8375 -1
    endloop
  endfacet
  facet normal -0.831458 -0.555587 0
    outer loop
      vertex 52.0787 22.7162 -1
      vertex 51.4284 23.6894 0
      vertex 51.4284 23.6894 -1
    endloop
  endfacet
  facet normal -0.831458 -0.555587 0
    outer loop
      vertex 51.4284 23.6894 0
      vertex 52.0787 22.7162 -1
      vertex 52.0787 22.7162 0
    endloop
  endfacet
  facet normal -0.980781 -0.195114 0
    outer loop
      vertex 51.4284 23.6894 -1
      vertex 51.2 24.8375 0
      vertex 51.2 24.8375 -1
    endloop
  endfacet
  facet normal -0.980781 -0.195114 0
    outer loop
      vertex 51.2 24.8375 0
      vertex 51.4284 23.6894 -1
      vertex 51.4284 23.6894 0
    endloop
  endfacet
  facet normal 0.831458 -0.555587 0
    outer loop
      vertex 56.3213 22.7162 0
      vertex 56.9716 23.6894 -1
      vertex 56.9716 23.6894 0
    endloop
  endfacet
  facet normal 0.831458 -0.555587 0
    outer loop
      vertex 56.9716 23.6894 -1
      vertex 56.3213 22.7162 0
      vertex 56.3213 22.7162 -1
    endloop
  endfacet
  facet normal 0.555548 -0.831485 0
    outer loop
      vertex 55.348 22.0659 -1
      vertex 56.3213 22.7162 0
      vertex 55.348 22.0659 0
    endloop
  endfacet
  facet normal 0.555548 -0.831485 0
    outer loop
      vertex 56.3213 22.7162 0
      vertex 55.348 22.0659 -1
      vertex 56.3213 22.7162 -1
    endloop
  endfacet
  facet normal 0.980781 -0.195114 0
    outer loop
      vertex 56.9716 23.6894 0
      vertex 57.2 24.8375 -1
      vertex 57.2 24.8375 0
    endloop
  endfacet
  facet normal 0.980781 -0.195114 0
    outer loop
      vertex 57.2 24.8375 -1
      vertex 56.9716 23.6894 0
      vertex 56.9716 23.6894 -1
    endloop
  endfacet
  facet normal 0.19513 -0.980777 0
    outer loop
      vertex 54.2 21.8375 -1
      vertex 55.348 22.0659 0
      vertex 54.2 21.8375 0
    endloop
  endfacet
  facet normal 0.19513 -0.980777 0
    outer loop
      vertex 55.348 22.0659 0
      vertex 54.2 21.8375 -1
      vertex 55.348 22.0659 -1
    endloop
  endfacet
  facet normal -0.555587 -0.831458 0
    outer loop
      vertex 52.0787 22.7162 -1
      vertex 53.0519 22.0659 0
      vertex 52.0787 22.7162 0
    endloop
  endfacet
  facet normal -0.555587 -0.831458 -0
    outer loop
      vertex 53.0519 22.0659 0
      vertex 52.0787 22.7162 -1
      vertex 53.0519 22.0659 -1
    endloop
  endfacet
  facet normal 0.980844 0.194793 0
    outer loop
      vertex 159.15 3 0
      vertex 158.922 4.14805 -1
      vertex 158.922 4.14805 0
    endloop
  endfacet
  facet normal 0.980844 0.194793 0
    outer loop
      vertex 158.922 4.14805 -1
      vertex 159.15 3 0
      vertex 159.15 3 -1
    endloop
  endfacet
  facet normal 0.195097 0.980784 -0
    outer loop
      vertex 157.298 5.77164 -1
      vertex 156.15 6 0
      vertex 157.298 5.77164 0
    endloop
  endfacet
  facet normal 0.195097 0.980784 0
    outer loop
      vertex 156.15 6 0
      vertex 157.298 5.77164 -1
      vertex 156.15 6 -1
    endloop
  endfacet
  facet normal -0.980844 -0.194793 0
    outer loop
      vertex 153.378 1.85195 -1
      vertex 153.15 3 0
      vertex 153.15 3 -1
    endloop
  endfacet
  facet normal -0.980844 -0.194793 0
    outer loop
      vertex 153.15 3 0
      vertex 153.378 1.85195 -1
      vertex 153.378 1.85195 0
    endloop
  endfacet
  facet normal 0.555677 -0.831398 0
    outer loop
      vertex 157.298 0.228361 -1
      vertex 158.271 0.878679 0
      vertex 157.298 0.228361 0
    endloop
  endfacet
  facet normal 0.555677 -0.831398 0
    outer loop
      vertex 158.271 0.878679 0
      vertex 157.298 0.228361 -1
      vertex 158.271 0.878679 -1
    endloop
  endfacet
  facet normal 0.195098 -0.980784 0
    outer loop
      vertex 156.15 0 -1
      vertex 157.298 0.228361 0
      vertex 156.15 0 0
    endloop
  endfacet
  facet normal 0.195098 -0.980784 0
    outer loop
      vertex 157.298 0.228361 0
      vertex 156.15 0 -1
      vertex 157.298 0.228361 -1
    endloop
  endfacet
  facet normal 0.555678 0.831398 -0
    outer loop
      vertex 158.271 5.12132 -1
      vertex 157.298 5.77164 0
      vertex 158.271 5.12132 0
    endloop
  endfacet
  facet normal 0.555678 0.831398 0
    outer loop
      vertex 157.298 5.77164 0
      vertex 158.271 5.12132 -1
      vertex 157.298 5.77164 -1
    endloop
  endfacet
  facet normal 0.831201 0.555973 0
    outer loop
      vertex 158.922 4.14805 0
      vertex 158.271 5.12132 -1
      vertex 158.271 5.12132 0
    endloop
  endfacet
  facet normal 0.831201 0.555973 0
    outer loop
      vertex 158.271 5.12132 -1
      vertex 158.922 4.14805 0
      vertex 158.922 4.14805 -1
    endloop
  endfacet
  facet normal -0.195097 0.980784 0
    outer loop
      vertex 156.15 6 -1
      vertex 155.002 5.77164 0
      vertex 156.15 6 0
    endloop
  endfacet
  facet normal -0.195097 0.980784 0
    outer loop
      vertex 155.002 5.77164 0
      vertex 156.15 6 -1
      vertex 155.002 5.77164 -1
    endloop
  endfacet
  facet normal 0 0 -1
    outer loop
      vertex 158.922 1.85195 -1
      vertex 158.922 4.14805 -1
      vertex 159.15 3 -1
    endloop
  endfacet
  facet normal 0 0 -1
    outer loop
      vertex 158.271 0.878679 -1
      vertex 158.922 4.14805 -1
      vertex 158.922 1.85195 -1
    endloop
  endfacet
  facet normal 0 0 -1
    outer loop
      vertex 158.271 0.878679 -1
      vertex 158.271 5.12132 -1
      vertex 158.922 4.14805 -1
    endloop
  endfacet
  facet normal 0 0 -1
    outer loop
      vertex 157.298 0.228361 -1
      vertex 158.271 5.12132 -1
      vertex 158.271 0.878679 -1
    endloop
  endfacet
  facet normal 0 0 -1
    outer loop
      vertex 157.298 0.228361 -1
      vertex 157.298 5.77164 -1
      vertex 158.271 5.12132 -1
    endloop
  endfacet
  facet normal 0 0 -1
    outer loop
      vertex 156.15 0 -1
      vertex 157.298 5.77164 -1
      vertex 157.298 0.228361 -1
    endloop
  endfacet
  facet normal 0 0 -1
    outer loop
      vertex 156.15 0 -1
      vertex 156.15 6 -1
      vertex 157.298 5.77164 -1
    endloop
  endfacet
  facet normal 0 0 -1
    outer loop
      vertex 155.002 0.228361 -1
      vertex 156.15 6 -1
      vertex 156.15 0 -1
    endloop
  endfacet
  facet normal 0 0 -1
    outer loop
      vertex 155.002 0.228361 -1
      vertex 155.002 5.77164 -1
      vertex 156.15 6 -1
    endloop
  endfacet
  facet normal 0 0 -1
    outer loop
      vertex 154.029 0.878679 -1
      vertex 155.002 5.77164 -1
      vertex 155.002 0.228361 -1
    endloop
  endfacet
  facet normal 0 0 -1
    outer loop
      vertex 154.029 0.878679 -1
      vertex 154.029 5.12132 -1
      vertex 155.002 5.77164 -1
    endloop
  endfacet
  facet normal 0 0 -1
    outer loop
      vertex 153.378 1.85195 -1
      vertex 154.029 5.12132 -1
      vertex 154.029 0.878679 -1
    endloop
  endfacet
  facet normal 0 0 -1
    outer loop
      vertex 153.378 1.85195 -1
      vertex 153.378 4.14805 -1
      vertex 154.029 5.12132 -1
    endloop
  endfacet
  facet normal 0 -0 -1
    outer loop
      vertex 153.378 4.14805 -1
      vertex 153.378 1.85195 -1
      vertex 153.15 3 -1
    endloop
  endfacet
  facet normal -0.555678 0.831398 0
    outer loop
      vertex 155.002 5.77164 -1
      vertex 154.029 5.12132 0
      vertex 155.002 5.77164 0
    endloop
  endfacet
  facet normal -0.555678 0.831398 0
    outer loop
      vertex 154.029 5.12132 0
      vertex 155.002 5.77164 -1
      vertex 154.029 5.12132 -1
    endloop
  endfacet
  facet normal -0.831201 0.555973 0
    outer loop
      vertex 153.378 4.14805 -1
      vertex 154.029 5.12132 0
      vertex 154.029 5.12132 -1
    endloop
  endfacet
  facet normal -0.831201 0.555973 0
    outer loop
      vertex 154.029 5.12132 0
      vertex 153.378 4.14805 -1
      vertex 153.378 4.14805 0
    endloop
  endfacet
  facet normal -0.831201 -0.555972 0
    outer loop
      vertex 154.029 0.878679 -1
      vertex 153.378 1.85195 0
      vertex 153.378 1.85195 -1
    endloop
  endfacet
  facet normal -0.831201 -0.555972 0
    outer loop
      vertex 153.378 1.85195 0
      vertex 154.029 0.878679 -1
      vertex 154.029 0.878679 0
    endloop
  endfacet
  facet normal -0.195098 -0.980784 0
    outer loop
      vertex 155.002 0.228361 -1
      vertex 156.15 0 0
      vertex 155.002 0.228361 0
    endloop
  endfacet
  facet normal -0.195098 -0.980784 -0
    outer loop
      vertex 156.15 0 0
      vertex 155.002 0.228361 -1
      vertex 156.15 0 -1
    endloop
  endfacet
  facet normal -0.555677 -0.831398 0
    outer loop
      vertex 154.029 0.878679 -1
      vertex 155.002 0.228361 0
      vertex 154.029 0.878679 0
    endloop
  endfacet
  facet normal -0.555677 -0.831398 -0
    outer loop
      vertex 155.002 0.228361 0
      vertex 154.029 0.878679 -1
      vertex 155.002 0.228361 -1
    endloop
  endfacet
  facet normal -0.980844 0.194793 0
    outer loop
      vertex 153.15 3 -1
      vertex 153.378 4.14805 0
      vertex 153.378 4.14805 -1
    endloop
  endfacet
  facet normal -0.980844 0.194793 0
    outer loop
      vertex 153.378 4.14805 0
      vertex 153.15 3 -1
      vertex 153.15 3 0
    endloop
  endfacet
  facet normal 0.831201 -0.555972 0
    outer loop
      vertex 158.271 0.878679 0
      vertex 158.922 1.85195 -1
      vertex 158.922 1.85195 0
    endloop
  endfacet
  facet normal 0.831201 -0.555972 0
    outer loop
      vertex 158.922 1.85195 -1
      vertex 158.271 0.878679 0
      vertex 158.271 0.878679 -1
    endloop
  endfacet
  facet normal 0.980844 -0.194793 0
    outer loop
      vertex 158.922 1.85195 0
      vertex 159.15 3 -1
      vertex 159.15 3 0
    endloop
  endfacet
  facet normal 0.980844 -0.194793 0
    outer loop
      vertex 159.15 3 -1
      vertex 158.922 1.85195 0
      vertex 158.922 1.85195 -1
    endloop
  endfacet
  facet normal 0.980843 0.194802 0
    outer loop
      vertex 159.15 24.8375 0
      vertex 158.922 25.9855 -1
      vertex 158.922 25.9855 0
    endloop
  endfacet
  facet normal 0.980843 0.194802 0
    outer loop
      vertex 158.922 25.9855 -1
      vertex 159.15 24.8375 0
      vertex 159.15 24.8375 -1
    endloop
  endfacet
  facet normal -0.19513 0.980777 0
    outer loop
      vertex 156.15 27.8375 -1
      vertex 155.002 27.6091 0
      vertex 156.15 27.8375 0
    endloop
  endfacet
  facet normal -0.19513 0.980777 0
    outer loop
      vertex 155.002 27.6091 0
      vertex 156.15 27.8375 -1
      vertex 155.002 27.6091 -1
    endloop
  endfacet
  facet normal 0.555666 0.831406 -0
    outer loop
      vertex 158.271 26.9588 -1
      vertex 157.298 27.6091 0
      vertex 158.271 26.9588 0
    endloop
  endfacet
  facet normal 0.555666 0.831406 0
    outer loop
      vertex 157.298 27.6091 0
      vertex 158.271 26.9588 -1
      vertex 157.298 27.6091 -1
    endloop
  endfacet
  facet normal 0.831208 0.555961 0
    outer loop
      vertex 158.922 25.9855 0
      vertex 158.271 26.9588 -1
      vertex 158.271 26.9588 0
    endloop
  endfacet
  facet normal 0.831208 0.555961 0
    outer loop
      vertex 158.271 26.9588 -1
      vertex 158.922 25.9855 0
      vertex 158.922 25.9855 -1
    endloop
  endfacet
  facet normal 0.19513 0.980777 -0
    outer loop
      vertex 157.298 27.6091 -1
      vertex 156.15 27.8375 0
      vertex 157.298 27.6091 0
    endloop
  endfacet
  facet normal 0.19513 0.980777 0
    outer loop
      vertex 156.15 27.8375 0
      vertex 157.298 27.6091 -1
      vertex 156.15 27.8375 -1
    endloop
  endfacet
  facet normal -0.831208 0.555961 0
    outer loop
      vertex 153.378 25.9855 -1
      vertex 154.029 26.9588 0
      vertex 154.029 26.9588 -1
    endloop
  endfacet
  facet normal -0.831208 0.555961 0
    outer loop
      vertex 154.029 26.9588 0
      vertex 153.378 25.9855 -1
      vertex 153.378 25.9855 0
    endloop
  endfacet
  facet normal 0 0 -1
    outer loop
      vertex 158.922 23.6894 -1
      vertex 158.922 25.9855 -1
      vertex 159.15 24.8375 -1
    endloop
  endfacet
  facet normal 0 0 -1
    outer loop
      vertex 158.271 22.7162 -1
      vertex 158.922 25.9855 -1
      vertex 158.922 23.6894 -1
    endloop
  endfacet
  facet normal 0 0 -1
    outer loop
      vertex 158.271 22.7162 -1
      vertex 158.271 26.9588 -1
      vertex 158.922 25.9855 -1
    endloop
  endfacet
  facet normal 0 0 -1
    outer loop
      vertex 157.298 22.0659 -1
      vertex 158.271 26.9588 -1
      vertex 158.271 22.7162 -1
    endloop
  endfacet
  facet normal 0 0 -1
    outer loop
      vertex 157.298 22.0659 -1
      vertex 157.298 27.6091 -1
      vertex 158.271 26.9588 -1
    endloop
  endfacet
  facet normal 0 0 -1
    outer loop
      vertex 156.15 21.8375 -1
      vertex 157.298 27.6091 -1
      vertex 157.298 22.0659 -1
    endloop
  endfacet
  facet normal 0 0 -1
    outer loop
      vertex 156.15 21.8375 -1
      vertex 156.15 27.8375 -1
      vertex 157.298 27.6091 -1
    endloop
  endfacet
  facet normal 0 0 -1
    outer loop
      vertex 155.002 22.0659 -1
      vertex 156.15 27.8375 -1
      vertex 156.15 21.8375 -1
    endloop
  endfacet
  facet normal 0 0 -1
    outer loop
      vertex 155.002 22.0659 -1
      vertex 155.002 27.6091 -1
      vertex 156.15 27.8375 -1
    endloop
  endfacet
  facet normal 0 0 -1
    outer loop
      vertex 154.029 22.7162 -1
      vertex 155.002 27.6091 -1
      vertex 155.002 22.0659 -1
    endloop
  endfacet
  facet normal 0 0 -1
    outer loop
      vertex 154.029 22.7162 -1
      vertex 154.029 26.9588 -1
      vertex 155.002 27.6091 -1
    endloop
  endfacet
  facet normal 0 0 -1
    outer loop
      vertex 153.378 23.6894 -1
      vertex 154.029 26.9588 -1
      vertex 154.029 22.7162 -1
    endloop
  endfacet
  facet normal 0 0 -1
    outer loop
      vertex 153.378 23.6894 -1
      vertex 153.378 25.9855 -1
      vertex 154.029 26.9588 -1
    endloop
  endfacet
  facet normal 0 -0 -1
    outer loop
      vertex 153.378 25.9855 -1
      vertex 153.378 23.6894 -1
      vertex 153.15 24.8375 -1
    endloop
  endfacet
  facet normal -0.980843 0.194802 0
    outer loop
      vertex 153.15 24.8375 -1
      vertex 153.378 25.9855 0
      vertex 153.378 25.9855 -1
    endloop
  endfacet
  facet normal -0.980843 0.194802 0
    outer loop
      vertex 153.378 25.9855 0
      vertex 153.15 24.8375 -1
      vertex 153.15 24.8375 0
    endloop
  endfacet
  facet normal -0.555666 0.831406 0
    outer loop
      vertex 155.002 27.6091 -1
      vertex 154.029 26.9588 0
      vertex 155.002 27.6091 0
    endloop
  endfacet
  facet normal -0.555666 0.831406 0
    outer loop
      vertex 154.029 26.9588 0
      vertex 155.002 27.6091 -1
      vertex 154.029 26.9588 -1
    endloop
  endfacet
  facet normal 0.980846 -0.194785 0
    outer loop
      vertex 158.922 23.6894 0
      vertex 159.15 24.8375 -1
      vertex 159.15 24.8375 0
    endloop
  endfacet
  facet normal 0.980846 -0.194785 0
    outer loop
      vertex 159.15 24.8375 -1
      vertex 158.922 23.6894 0
      vertex 158.922 23.6894 -1
    endloop
  endfacet
  facet normal -0.19513 -0.980777 0
    outer loop
      vertex 155.002 22.0659 -1
      vertex 156.15 21.8375 0
      vertex 155.002 22.0659 0
    endloop
  endfacet
  facet normal -0.19513 -0.980777 -0
    outer loop
      vertex 156.15 21.8375 0
      vertex 155.002 22.0659 -1
      vertex 156.15 21.8375 -1
    endloop
  endfacet
  facet normal -0.831182 -0.556 0
    outer loop
      vertex 154.029 22.7162 -1
      vertex 153.378 23.6894 0
      vertex 153.378 23.6894 -1
    endloop
  endfacet
  facet normal -0.831182 -0.556 0
    outer loop
      vertex 153.378 23.6894 0
      vertex 154.029 22.7162 -1
      vertex 154.029 22.7162 0
    endloop
  endfacet
  facet normal -0.980846 -0.194785 0
    outer loop
      vertex 153.378 23.6894 -1
      vertex 153.15 24.8375 0
      vertex 153.15 24.8375 -1
    endloop
  endfacet
  facet normal -0.980846 -0.194785 0
    outer loop
      vertex 153.15 24.8375 0
      vertex 153.378 23.6894 -1
      vertex 153.378 23.6894 0
    endloop
  endfacet
  facet normal 0.831182 -0.556 0
    outer loop
      vertex 158.271 22.7162 0
      vertex 158.922 23.6894 -1
      vertex 158.922 23.6894 0
    endloop
  endfacet
  facet normal 0.831182 -0.556 0
    outer loop
      vertex 158.922 23.6894 -1
      vertex 158.271 22.7162 0
      vertex 158.271 22.7162 -1
    endloop
  endfacet
  facet normal 0.555666 -0.831406 0
    outer loop
      vertex 157.298 22.0659 -1
      vertex 158.271 22.7162 0
      vertex 157.298 22.0659 0
    endloop
  endfacet
  facet normal 0.555666 -0.831406 0
    outer loop
      vertex 158.271 22.7162 0
      vertex 157.298 22.0659 -1
      vertex 158.271 22.7162 -1
    endloop
  endfacet
  facet normal 0.19513 -0.980777 0
    outer loop
      vertex 156.15 21.8375 -1
      vertex 157.298 22.0659 0
      vertex 156.15 21.8375 0
    endloop
  endfacet
  facet normal 0.19513 -0.980777 0
    outer loop
      vertex 157.298 22.0659 0
      vertex 156.15 21.8375 -1
      vertex 157.298 22.0659 -1
    endloop
  endfacet
  facet normal -0.555666 -0.831406 0
    outer loop
      vertex 154.029 22.7162 -1
      vertex 155.002 22.0659 0
      vertex 154.029 22.7162 0
    endloop
  endfacet
  facet normal -0.555666 -0.831406 -0
    outer loop
      vertex 155.002 22.0659 0
      vertex 154.029 22.7162 -1
      vertex 155.002 22.0659 -1
    endloop
  endfacet
  facet normal 0 -1 0
    outer loop
      vertex 54.2 0 0
      vertex 51.2 0 5
      vertex 51.2 0 0
    endloop
  endfacet
  facet normal 0 -1 0
    outer loop
      vertex 51.2 0 5
      vertex 54.2 0 0
      vertex 159.15 0 5
    endloop
  endfacet
  facet normal 0 -1 0
    outer loop
      vertex 156.15 0 0
      vertex 159.15 0 5
      vertex 54.2 0 0
    endloop
  endfacet
  facet normal 0 -1 -0
    outer loop
      vertex 159.15 0 5
      vertex 156.15 0 0
      vertex 159.15 0 0
    endloop
  endfacet
  facet normal -1 0 0
    outer loop
      vertex 75.9375 33.5375 0
      vertex 75.9375 33.7375 0.299999
      vertex 75.9375 33.7375 0
    endloop
  endfacet
  facet normal -1 -0 0
    outer loop
      vertex 75.9375 33.7375 0.299999
      vertex 75.9375 33.5375 0
      vertex 75.9375 33.5375 0.299999
    endloop
  endfacet
  facet normal -0 0 1
    outer loop
      vertex 75.9375 33.7375 0.299999
      vertex 78.9375 33.5375 0.299999
      vertex 78.9375 33.7375 0.299999
    endloop
  endfacet
  facet normal 0 0 1
    outer loop
      vertex 78.9375 33.5375 0.299999
      vertex 75.9375 33.7375 0.299999
      vertex 75.9375 33.5375 0.299999
    endloop
  endfacet
  facet normal 1 -0 0
    outer loop
      vertex 78.9375 33.5375 0.299999
      vertex 78.9375 33.7375 0
      vertex 78.9375 33.7375 0.299999
    endloop
  endfacet
  facet normal 1 0 0
    outer loop
      vertex 78.9375 33.7375 0
      vertex 78.9375 33.5375 0.299999
      vertex 78.9375 33.5375 0
    endloop
  endfacet
  facet normal 0 0 -1
    outer loop
      vertex 78.9375 33.5375 0
      vertex 75.9375 33.5375 0
      vertex 78.9375 33.7375 0
    endloop
  endfacet
  facet normal 0 0 -1
    outer loop
      vertex 106.675 33.5375 0
      vertex 103.675 33.5375 0
      vertex 106.675 33.7375 0
    endloop
  endfacet
  facet normal 0 0 -1
    outer loop
      vertex 134.413 33.5375 0
      vertex 131.413 33.5375 0
      vertex 134.413 33.7375 0
    endloop
  endfacet
  facet normal 0 0 -1
    outer loop
      vertex 134.413 33.7375 0
      vertex 159.15 58.7875 0
      vertex 159.15 33.7375 0
    endloop
  endfacet
  facet normal 0 0 -1
    outer loop
      vertex 131.413 33.7375 0
      vertex 159.15 58.7875 0
      vertex 134.413 33.7375 0
    endloop
  endfacet
  facet normal -0 0 -1
    outer loop
      vertex 159.15 58.7875 0
      vertex 131.413 33.7375 0
      vertex 159.15 61.7875 0
    endloop
  endfacet
  facet normal -0 0 -1
    outer loop
      vertex 159.15 61.7875 0
      vertex 131.413 33.7375 0
      vertex 159.15 72.2375 0
    endloop
  endfacet
  facet normal 0 0 -1
    outer loop
      vertex 106.675 33.7375 0
      vertex 159.15 72.2375 0
      vertex 131.413 33.7375 0
    endloop
  endfacet
  facet normal -0 0 -1
    outer loop
      vertex 159.15 72.2375 0
      vertex 106.675 33.7375 0
      vertex 159.15 75.2375 0
    endloop
  endfacet
  facet normal -0 0 -1
    outer loop
      vertex 159.15 75.2375 0
      vertex 106.675 33.7375 0
      vertex 159.15 85.6875 0
    endloop
  endfacet
  facet normal 0 0 -1
    outer loop
      vertex 131.413 33.7375 0
      vertex 134.413 33.7375 0
      vertex 131.413 33.5375 0
    endloop
  endfacet
  facet normal -0 0 -1
    outer loop
      vertex 159.15 85.6875 0
      vertex 106.675 33.7375 0
      vertex 159.15 88.6875 0
    endloop
  endfacet
  facet normal 0 0 -1
    outer loop
      vertex 103.675 33.7375 0
      vertex 159.15 88.6875 0
      vertex 106.675 33.7375 0
    endloop
  endfacet
  facet normal 0 0 -1
    outer loop
      vertex 103.675 33.7375 0
      vertex 106.675 33.7375 0
      vertex 103.675 33.5375 0
    endloop
  endfacet
  facet normal 0 0 -1
    outer loop
      vertex 51.2 113.738 0
      vertex 159.15 88.6875 0
      vertex 103.675 33.7375 0
    endloop
  endfacet
  facet normal 0 0 -1
    outer loop
      vertex 51.2 113.738 0
      vertex 103.675 33.7375 0
      vertex 78.9375 33.7375 0
    endloop
  endfacet
  facet normal 0 0 -1
    outer loop
      vertex 75.9375 33.7375 0
      vertex 78.9375 33.7375 0
      vertex 75.9375 33.5375 0
    endloop
  endfacet
  facet normal 0 0 -1
    outer loop
      vertex 51.2 113.738 0
      vertex 78.9375 33.7375 0
      vertex 75.9375 33.7375 0
    endloop
  endfacet
  facet normal 0 0 -1
    outer loop
      vertex 51.2 113.738 0
      vertex 75.9375 33.7375 0
      vertex 51.2 33.7375 0
    endloop
  endfacet
  facet normal 0 0 -1
    outer loop
      vertex 159.15 88.6875 0
      vertex 51.2 113.738 0
      vertex 159.15 113.738 0
    endloop
  endfacet
  facet normal 0 0 -1
    outer loop
      vertex 159.15 58.7875 0
      vertex 159.35 61.7875 0
      vertex 159.35 58.7875 0
    endloop
  endfacet
  facet normal -0 0 -1
    outer loop
      vertex 159.35 61.7875 0
      vertex 159.15 58.7875 0
      vertex 159.15 61.7875 0
    endloop
  endfacet
  facet normal 0 0 -1
    outer loop
      vertex 159.15 72.2375 0
      vertex 159.35 75.2375 0
      vertex 159.35 72.2375 0
    endloop
  endfacet
  facet normal -0 0 -1
    outer loop
      vertex 159.35 75.2375 0
      vertex 159.15 72.2375 0
      vertex 159.15 75.2375 0
    endloop
  endfacet
  facet normal 0 0 -1
    outer loop
      vertex 159.15 85.6875 0
      vertex 159.35 88.6875 0
      vertex 159.35 85.6875 0
    endloop
  endfacet
  facet normal -0 0 -1
    outer loop
      vertex 159.35 88.6875 0
      vertex 159.15 85.6875 0
      vertex 159.15 88.6875 0
    endloop
  endfacet
  facet normal 0 -1 0
    outer loop
      vertex 75.9375 33.5375 0
      vertex 78.9375 33.5375 0.299999
      vertex 75.9375 33.5375 0.299999
    endloop
  endfacet
  facet normal 0 -1 -0
    outer loop
      vertex 78.9375 33.5375 0.299999
      vertex 75.9375 33.5375 0
      vertex 78.9375 33.5375 0
    endloop
  endfacet
  facet normal -1 0 0
    outer loop
      vertex 103.675 33.5375 0
      vertex 103.675 33.7375 0.299999
      vertex 103.675 33.7375 0
    endloop
  endfacet
  facet normal -1 -0 0
    outer loop
      vertex 103.675 33.7375 0.299999
      vertex 103.675 33.5375 0
      vertex 103.675 33.5375 0.299999
    endloop
  endfacet
  facet normal -0 0 1
    outer loop
      vertex 103.675 33.7375 0.299999
      vertex 106.675 33.5375 0.299999
      vertex 106.675 33.7375 0.299999
    endloop
  endfacet
  facet normal 0 0 1
    outer loop
      vertex 106.675 33.5375 0.299999
      vertex 103.675 33.7375 0.299999
      vertex 103.675 33.5375 0.299999
    endloop
  endfacet
  facet normal 1 -0 0
    outer loop
      vertex 106.675 33.5375 0.299999
      vertex 106.675 33.7375 0
      vertex 106.675 33.7375 0.299999
    endloop
  endfacet
  facet normal 1 0 0
    outer loop
      vertex 106.675 33.7375 0
      vertex 106.675 33.5375 0.299999
      vertex 106.675 33.5375 0
    endloop
  endfacet
  facet normal 0 -1 0
    outer loop
      vertex 103.675 33.5375 0
      vertex 106.675 33.5375 0.299999
      vertex 103.675 33.5375 0.299999
    endloop
  endfacet
  facet normal 0 -1 -0
    outer loop
      vertex 106.675 33.5375 0.299999
      vertex 103.675 33.5375 0
      vertex 106.675 33.5375 0
    endloop
  endfacet
  facet normal -1 0 0
    outer loop
      vertex 131.413 33.5375 0
      vertex 131.413 33.7375 0.299999
      vertex 131.413 33.7375 0
    endloop
  endfacet
  facet normal -1 -0 0
    outer loop
      vertex 131.413 33.7375 0.299999
      vertex 131.413 33.5375 0
      vertex 131.413 33.5375 0.299999
    endloop
  endfacet
  facet normal -0 0 1
    outer loop
      vertex 131.413 33.7375 0.299999
      vertex 134.413 33.5375 0.299999
      vertex 134.413 33.7375 0.299999
    endloop
  endfacet
  facet normal 0 0 1
    outer loop
      vertex 134.413 33.5375 0.299999
      vertex 131.413 33.7375 0.299999
      vertex 131.413 33.5375 0.299999
    endloop
  endfacet
  facet normal 1 -0 0
    outer loop
      vertex 134.413 33.5375 0.299999
      vertex 134.413 33.7375 0
      vertex 134.413 33.7375 0.299999
    endloop
  endfacet
  facet normal 1 0 0
    outer loop
      vertex 134.413 33.7375 0
      vertex 134.413 33.5375 0.299999
      vertex 134.413 33.5375 0
    endloop
  endfacet
  facet normal 0 -1 0
    outer loop
      vertex 131.413 33.5375 0
      vertex 134.413 33.5375 0.299999
      vertex 131.413 33.5375 0.299999
    endloop
  endfacet
  facet normal 0 -1 -0
    outer loop
      vertex 134.413 33.5375 0.299999
      vertex 131.413 33.5375 0
      vertex 134.413 33.5375 0
    endloop
  endfacet
  facet normal -1 0 0
    outer loop
      vertex 51.2 33.7375 5
      vertex 51.2 35.7375 13
      vertex 51.2 35.7375 5
    endloop
  endfacet
  facet normal -1 -0 0
    outer loop
      vertex 51.2 35.7375 13
      vertex 51.2 33.7375 5
      vertex 51.2 33.7375 13
    endloop
  endfacet
  facet normal -1 0 0
    outer loop
      vertex 51.2 37.2375 5
      vertex 51.2 39.2375 13
      vertex 51.2 39.2375 5
    endloop
  endfacet
  facet normal -1 -0 0
    outer loop
      vertex 51.2 39.2375 13
      vertex 51.2 37.2375 5
      vertex 51.2 37.2375 13
    endloop
  endfacet
  facet normal -0 0 1
    outer loop
      vertex 51.2 35.7375 13
      vertex 159.15 33.7375 13
      vertex 159.15 35.7375 13
    endloop
  endfacet
  facet normal 0 0 1
    outer loop
      vertex 159.15 33.7375 13
      vertex 51.2 35.7375 13
      vertex 51.2 33.7375 13
    endloop
  endfacet
  facet normal -0 0 1
    outer loop
      vertex 51.2 39.2375 13
      vertex 159.15 37.2375 13
      vertex 159.15 39.2375 13
    endloop
  endfacet
  facet normal 0 0 1
    outer loop
      vertex 159.15 37.2375 13
      vertex 51.2 39.2375 13
      vertex 51.2 37.2375 13
    endloop
  endfacet
  facet normal 1 -0 0
    outer loop
      vertex 159.15 33.7375 13
      vertex 159.15 35.7375 5
      vertex 159.15 35.7375 13
    endloop
  endfacet
  facet normal 1 0 0
    outer loop
      vertex 159.15 35.7375 5
      vertex 159.15 33.7375 13
      vertex 159.15 33.7375 5
    endloop
  endfacet
  facet normal 1 -0 0
    outer loop
      vertex 159.15 37.2375 13
      vertex 159.15 39.2375 5
      vertex 159.15 39.2375 13
    endloop
  endfacet
  facet normal 1 0 0
    outer loop
      vertex 159.15 39.2375 5
      vertex 159.15 37.2375 13
      vertex 159.15 37.2375 5
    endloop
  endfacet
  facet normal -0 0 1
    outer loop
      vertex 51.2 37.2375 5
      vertex 159.15 35.7375 5
      vertex 159.15 37.2375 5
    endloop
  endfacet
  facet normal 0 0 1
    outer loop
      vertex 159.15 35.7375 5
      vertex 51.2 37.2375 5
      vertex 51.2 35.7375 5
    endloop
  endfacet
  facet normal -0 0 1
    outer loop
      vertex 51.2 108.238 5
      vertex 159.15 39.2375 5
      vertex 159.15 108.238 5
    endloop
  endfacet
  facet normal 0 0 1
    outer loop
      vertex 159.15 39.2375 5
      vertex 51.2 108.238 5
      vertex 51.2 39.2375 5
    endloop
  endfacet
  facet normal -0 0 1
    outer loop
      vertex 51.2 111.738 5
      vertex 159.15 110.238 5
      vertex 159.15 111.738 5
    endloop
  endfacet
  facet normal 0 0 1
    outer loop
      vertex 159.15 110.238 5
      vertex 51.2 111.738 5
      vertex 51.2 110.238 5
    endloop
  endfacet
  facet normal 0 0 0
    outer loop
      vertex 51.2 110.238 5
      vertex 51.2 111.738 5
      vertex 51.2 113.738 5
    endloop
  endfacet
  facet normal 0 0 0
    outer loop
      vertex 51.2 37.2375 5
      vertex 51.2 39.2375 5
      vertex 51.2 108.238 5
    endloop
  endfacet
  facet normal 0 0 0
    outer loop
      vertex 51.2 108.238 5
      vertex 51.2 110.238 5
      vertex 51.2 113.738 5
    endloop
  endfacet
  facet normal 0 0 0
    outer loop
      vertex 51.2 113.738 5
      vertex 51.2 33.7375 5
      vertex 51.2 35.7375 5
    endloop
  endfacet
  facet normal 0 0 0
    outer loop
      vertex 51.2 113.738 5
      vertex 51.2 35.7375 5
      vertex 51.2 37.2375 5
    endloop
  endfacet
  facet normal 0 0 0
    outer loop
      vertex 51.2 37.2375 5
      vertex 51.2 108.238 5
      vertex 51.2 113.738 5
    endloop
  endfacet
  facet normal 0 -1 0
    outer loop
      vertex 51.2 33.7375 5
      vertex 159.15 33.7375 13
      vertex 51.2 33.7375 13
    endloop
  endfacet
  facet normal 0 -1 -0
    outer loop
      vertex 159.15 33.7375 13
      vertex 51.2 33.7375 5
      vertex 159.15 33.7375 5
    endloop
  endfacet
  facet normal 0 1 -0
    outer loop
      vertex 159.15 39.2375 5
      vertex 51.2 39.2375 13
      vertex 159.15 39.2375 13
    endloop
  endfacet
  facet normal 0 1 0
    outer loop
      vertex 51.2 39.2375 13
      vertex 159.15 39.2375 5
      vertex 51.2 39.2375 5
    endloop
  endfacet
  facet normal 0 1 -0
    outer loop
      vertex 159.15 35.7375 5
      vertex 51.2 35.7375 13
      vertex 159.15 35.7375 13
    endloop
  endfacet
  facet normal 0 1 0
    outer loop
      vertex 51.2 35.7375 13
      vertex 159.15 35.7375 5
      vertex 51.2 35.7375 5
    endloop
  endfacet
  facet normal 0 -1 0
    outer loop
      vertex 51.2 37.2375 5
      vertex 159.15 37.2375 13
      vertex 51.2 37.2375 13
    endloop
  endfacet
  facet normal 0 -1 -0
    outer loop
      vertex 159.15 37.2375 13
      vertex 51.2 37.2375 5
      vertex 159.15 37.2375 5
    endloop
  endfacet
  facet normal -1 0 0
    outer loop
      vertex 51.2 108.238 5
      vertex 51.2 110.238 13
      vertex 51.2 110.238 5
    endloop
  endfacet
  facet normal -1 -0 0
    outer loop
      vertex 51.2 110.238 13
      vertex 51.2 108.238 5
      vertex 51.2 108.238 13
    endloop
  endfacet
  facet normal -1 0 0
    outer loop
      vertex 51.2 111.738 5
      vertex 51.2 113.738 13
      vertex 51.2 113.738 5
    endloop
  endfacet
  facet normal -1 -0 0
    outer loop
      vertex 51.2 113.738 13
      vertex 51.2 111.738 5
      vertex 51.2 111.738 13
    endloop
  endfacet
  facet normal -0 0 1
    outer loop
      vertex 51.2 110.238 13
      vertex 159.15 108.238 13
      vertex 159.15 110.238 13
    endloop
  endfacet
  facet normal 0 0 1
    outer loop
      vertex 159.15 108.238 13
      vertex 51.2 110.238 13
      vertex 51.2 108.238 13
    endloop
  endfacet
  facet normal -0 0 1
    outer loop
      vertex 51.2 113.738 13
      vertex 159.15 111.738 13
      vertex 159.15 113.738 13
    endloop
  endfacet
  facet normal 0 0 1
    outer loop
      vertex 159.15 111.738 13
      vertex 51.2 113.738 13
      vertex 51.2 111.738 13
    endloop
  endfacet
  facet normal 1 -0 0
    outer loop
      vertex 159.15 108.238 13
      vertex 159.15 110.238 5
      vertex 159.15 110.238 13
    endloop
  endfacet
  facet normal 1 0 0
    outer loop
      vertex 159.15 110.238 5
      vertex 159.15 108.238 13
      vertex 159.15 108.238 5
    endloop
  endfacet
  facet normal 1 -0 0
    outer loop
      vertex 159.15 111.738 13
      vertex 159.15 113.738 5
      vertex 159.15 113.738 13
    endloop
  endfacet
  facet normal 1 0 0
    outer loop
      vertex 159.15 113.738 5
      vertex 159.15 111.738 13
      vertex 159.15 111.738 5
    endloop
  endfacet
  facet normal 0 -1 0
    outer loop
      vertex 51.2 108.238 5
      vertex 159.15 108.238 13
      vertex 51.2 108.238 13
    endloop
  endfacet
  facet normal 0 -1 -0
    outer loop
      vertex 159.15 108.238 13
      vertex 51.2 108.238 5
      vertex 159.15 108.238 5
    endloop
  endfacet
  facet normal 0 1 -0
    outer loop
      vertex 159.15 113.738 5
      vertex 51.2 113.738 13
      vertex 159.15 113.738 13
    endloop
  endfacet
  facet normal 0 1 0
    outer loop
      vertex 51.2 113.738 13
      vertex 159.15 113.738 5
      vertex 51.2 113.738 5
    endloop
  endfacet
  facet normal 0 1 -0
    outer loop
      vertex 159.15 110.238 5
      vertex 51.2 110.238 13
      vertex 159.15 110.238 13
    endloop
  endfacet
  facet normal 0 1 0
    outer loop
      vertex 51.2 110.238 13
      vertex 159.15 110.238 5
      vertex 51.2 110.238 5
    endloop
  endfacet
  facet normal 0 -1 0
    outer loop
      vertex 51.2 111.738 5
      vertex 159.15 111.738 13
      vertex 51.2 111.738 13
    endloop
  endfacet
  facet normal 0 -1 -0
    outer loop
      vertex 159.15 111.738 13
      vertex 51.2 111.738 5
      vertex 159.15 111.738 5
    endloop
  endfacet
  facet normal -1 0 0
    outer loop
      vertex 75.9375 113.938 0
      vertex 75.9375 114.137 0.299999
      vertex 75.9375 114.137 0
    endloop
  endfacet
  facet normal -1 -0 0
    outer loop
      vertex 75.9375 114.137 0.299999
      vertex 75.9375 113.938 0
      vertex 75.9375 113.938 0.299999
    endloop
  endfacet
  facet normal -0 0 1
    outer loop
      vertex 75.9375 114.137 0.299999
      vertex 78.9375 113.938 0.299999
      vertex 78.9375 114.137 0.299999
    endloop
  endfacet
  facet normal 0 0 1
    outer loop
      vertex 78.9375 113.938 0.299999
      vertex 75.9375 114.137 0.299999
      vertex 75.9375 113.938 0.299999
    endloop
  endfacet
  facet normal 1 -0 0
    outer loop
      vertex 78.9375 113.938 0.299999
      vertex 78.9375 114.137 0
      vertex 78.9375 114.137 0.299999
    endloop
  endfacet
  facet normal 1 0 0
    outer loop
      vertex 78.9375 114.137 0
      vertex 78.9375 113.938 0.299999
      vertex 78.9375 113.938 0
    endloop
  endfacet
  facet normal 0 0 -1
    outer loop
      vertex 78.9375 113.938 0
      vertex 75.9375 113.938 0
      vertex 78.9375 114.137 0
    endloop
  endfacet
  facet normal 0 0 -1
    outer loop
      vertex 106.675 113.938 0
      vertex 103.675 113.938 0
      vertex 106.675 114.137 0
    endloop
  endfacet
  facet normal 0 0 -1
    outer loop
      vertex 134.413 113.938 0
      vertex 131.413 113.938 0
      vertex 134.413 114.137 0
    endloop
  endfacet
  facet normal 0 0 -1
    outer loop
      vertex 134.413 114.137 0
      vertex 159.15 139.137 0
      vertex 159.15 114.137 0
    endloop
  endfacet
  facet normal 0 0 -1
    outer loop
      vertex 131.413 114.137 0
      vertex 134.413 114.137 0
      vertex 131.413 113.938 0
    endloop
  endfacet
  facet normal 0 0 -1
    outer loop
      vertex 134.413 114.137 0
      vertex 131.413 114.137 0
      vertex 159.15 139.137 0
    endloop
  endfacet
  facet normal 0 0 -1
    outer loop
      vertex 106.675 114.137 0
      vertex 159.15 139.137 0
      vertex 131.413 114.137 0
    endloop
  endfacet
  facet normal 0 0 -1
    outer loop
      vertex 103.675 114.137 0
      vertex 106.675 114.137 0
      vertex 103.675 113.938 0
    endloop
  endfacet
  facet normal 0 0 -1
    outer loop
      vertex 106.675 114.137 0
      vertex 103.675 114.137 0
      vertex 159.15 139.137 0
    endloop
  endfacet
  facet normal 0 0 -1
    outer loop
      vertex 51.2 139.137 0
      vertex 103.675 114.137 0
      vertex 78.9375 114.137 0
    endloop
  endfacet
  facet normal 0 0 -1
    outer loop
      vertex 75.9375 114.137 0
      vertex 78.9375 114.137 0
      vertex 75.9375 113.938 0
    endloop
  endfacet
  facet normal 0 0 -1
    outer loop
      vertex 51.2 139.137 0
      vertex 78.9375 114.137 0
      vertex 75.9375 114.137 0
    endloop
  endfacet
  facet normal 0 0 -1
    outer loop
      vertex 51.2 139.137 0
      vertex 75.9375 114.137 0
      vertex 51.2 114.137 0
    endloop
  endfacet
  facet normal 0 0 -1
    outer loop
      vertex 103.675 114.137 0
      vertex 51.2 139.137 0
      vertex 159.15 139.137 0
    endloop
  endfacet
  facet normal 0 -1 0
    outer loop
      vertex 75.9375 113.938 0
      vertex 78.9375 113.938 0.299999
      vertex 75.9375 113.938 0.299999
    endloop
  endfacet
  facet normal 0 -1 -0
    outer loop
      vertex 78.9375 113.938 0.299999
      vertex 75.9375 113.938 0
      vertex 78.9375 113.938 0
    endloop
  endfacet
  facet normal -1 0 0
    outer loop
      vertex 103.675 113.938 0
      vertex 103.675 114.137 0.299999
      vertex 103.675 114.137 0
    endloop
  endfacet
  facet normal -1 -0 0
    outer loop
      vertex 103.675 114.137 0.299999
      vertex 103.675 113.938 0
      vertex 103.675 113.938 0.299999
    endloop
  endfacet
  facet normal -0 0 1
    outer loop
      vertex 103.675 114.137 0.299999
      vertex 106.675 113.938 0.299999
      vertex 106.675 114.137 0.299999
    endloop
  endfacet
  facet normal 0 0 1
    outer loop
      vertex 106.675 113.938 0.299999
      vertex 103.675 114.137 0.299999
      vertex 103.675 113.938 0.299999
    endloop
  endfacet
  facet normal 1 -0 0
    outer loop
      vertex 106.675 113.938 0.299999
      vertex 106.675 114.137 0
      vertex 106.675 114.137 0.299999
    endloop
  endfacet
  facet normal 1 0 0
    outer loop
      vertex 106.675 114.137 0
      vertex 106.675 113.938 0.299999
      vertex 106.675 113.938 0
    endloop
  endfacet
  facet normal 0 -1 0
    outer loop
      vertex 103.675 113.938 0
      vertex 106.675 113.938 0.299999
      vertex 103.675 113.938 0.299999
    endloop
  endfacet
  facet normal 0 -1 -0
    outer loop
      vertex 106.675 113.938 0.299999
      vertex 103.675 113.938 0
      vertex 106.675 113.938 0
    endloop
  endfacet
  facet normal -1 0 0
    outer loop
      vertex 131.413 113.938 0
      vertex 131.413 114.137 0.299999
      vertex 131.413 114.137 0
    endloop
  endfacet
  facet normal -1 -0 0
    outer loop
      vertex 131.413 114.137 0.299999
      vertex 131.413 113.938 0
      vertex 131.413 113.938 0.299999
    endloop
  endfacet
  facet normal -0 0 1
    outer loop
      vertex 131.413 114.137 0.299999
      vertex 134.413 113.938 0.299999
      vertex 134.413 114.137 0.299999
    endloop
  endfacet
  facet normal 0 0 1
    outer loop
      vertex 134.413 113.938 0.299999
      vertex 131.413 114.137 0.299999
      vertex 131.413 113.938 0.299999
    endloop
  endfacet
  facet normal 1 -0 0
    outer loop
      vertex 134.413 113.938 0.299999
      vertex 134.413 114.137 0
      vertex 134.413 114.137 0.299999
    endloop
  endfacet
  facet normal 1 0 0
    outer loop
      vertex 134.413 114.137 0
      vertex 134.413 113.938 0.299999
      vertex 134.413 113.938 0
    endloop
  endfacet
  facet normal 0 -1 0
    outer loop
      vertex 131.413 113.938 0
      vertex 134.413 113.938 0.299999
      vertex 131.413 113.938 0.299999
    endloop
  endfacet
  facet normal 0 -1 -0
    outer loop
      vertex 134.413 113.938 0.299999
      vertex 131.413 113.938 0
      vertex 134.413 113.938 0
    endloop
  endfacet
  facet normal -1 0 0
    outer loop
      vertex 51.2 114.137 5
      vertex 51.2 116.137 13
      vertex 51.2 116.137 5
    endloop
  endfacet
  facet normal -1 -0 0
    outer loop
      vertex 51.2 116.137 13
      vertex 51.2 114.137 5
      vertex 51.2 114.137 13
    endloop
  endfacet
  facet normal -1 0 0
    outer loop
      vertex 51.2 117.637 5
      vertex 51.2 119.637 13
      vertex 51.2 119.637 5
    endloop
  endfacet
  facet normal -1 -0 0
    outer loop
      vertex 51.2 119.637 13
      vertex 51.2 117.637 5
      vertex 51.2 117.637 13
    endloop
  endfacet
  facet normal -0 0 1
    outer loop
      vertex 51.2 116.137 13
      vertex 159.15 114.137 13
      vertex 159.15 116.137 13
    endloop
  endfacet
  facet normal 0 0 1
    outer loop
      vertex 159.15 114.137 13
      vertex 51.2 116.137 13
      vertex 51.2 114.137 13
    endloop
  endfacet
  facet normal -0 0 1
    outer loop
      vertex 51.2 119.637 13
      vertex 159.15 117.637 13
      vertex 159.15 119.637 13
    endloop
  endfacet
  facet normal 0 0 1
    outer loop
      vertex 159.15 117.637 13
      vertex 51.2 119.637 13
      vertex 51.2 117.637 13
    endloop
  endfacet
  facet normal 1 -0 0
    outer loop
      vertex 159.15 114.137 13
      vertex 159.15 116.137 5
      vertex 159.15 116.137 13
    endloop
  endfacet
  facet normal 1 0 0
    outer loop
      vertex 159.15 116.137 5
      vertex 159.15 114.137 13
      vertex 159.15 114.137 5
    endloop
  endfacet
  facet normal 1 -0 0
    outer loop
      vertex 159.15 117.637 13
      vertex 159.15 119.637 5
      vertex 159.15 119.637 13
    endloop
  endfacet
  facet normal 1 0 0
    outer loop
      vertex 159.15 119.637 5
      vertex 159.15 117.637 13
      vertex 159.15 117.637 5
    endloop
  endfacet
  facet normal -0 0 1
    outer loop
      vertex 51.2 117.637 5
      vertex 159.15 116.137 5
      vertex 159.15 117.637 5
    endloop
  endfacet
  facet normal 0 0 1
    outer loop
      vertex 159.15 116.137 5
      vertex 51.2 117.637 5
      vertex 51.2 116.137 5
    endloop
  endfacet
  facet normal -0 0 1
    outer loop
      vertex 51.2 139.137 5
      vertex 159.15 119.637 5
      vertex 159.15 139.137 5
    endloop
  endfacet
  facet normal 0 0 1
    outer loop
      vertex 159.15 119.637 5
      vertex 51.2 139.137 5
      vertex 51.2 119.637 5
    endloop
  endfacet
  facet normal 0 0 0
    outer loop
      vertex 51.2 116.137 5
      vertex 51.2 117.637 5
      vertex 51.2 119.637 5
    endloop
  endfacet
  facet normal 0 0 -0
    outer loop
      vertex 51.2 119.637 5
      vertex 51.2 139.137 5
      vertex 51.2 114.137 5
    endloop
  endfacet
  facet normal 0 0 0
    outer loop
      vertex 51.2 119.637 5
      vertex 51.2 114.137 5
      vertex 51.2 116.137 5
    endloop
  endfacet
  facet normal 0 -1 0
    outer loop
      vertex 51.2 114.137 5
      vertex 159.15 114.137 13
      vertex 51.2 114.137 13
    endloop
  endfacet
  facet normal 0 -1 -0
    outer loop
      vertex 159.15 114.137 13
      vertex 51.2 114.137 5
      vertex 159.15 114.137 5
    endloop
  endfacet
  facet normal 0 1 -0
    outer loop
      vertex 159.15 119.637 5
      vertex 51.2 119.637 13
      vertex 159.15 119.637 13
    endloop
  endfacet
  facet normal 0 1 0
    outer loop
      vertex 51.2 119.637 13
      vertex 159.15 119.637 5
      vertex 51.2 119.637 5
    endloop
  endfacet
  facet normal 0 1 -0
    outer loop
      vertex 159.15 116.137 5
      vertex 51.2 116.137 13
      vertex 159.15 116.137 13
    endloop
  endfacet
  facet normal 0 1 0
    outer loop
      vertex 51.2 116.137 13
      vertex 159.15 116.137 5
      vertex 51.2 116.137 5
    endloop
  endfacet
  facet normal 0 -1 0
    outer loop
      vertex 51.2 117.637 5
      vertex 159.15 117.637 13
      vertex 51.2 117.637 13
    endloop
  endfacet
  facet normal 0 -1 -0
    outer loop
      vertex 159.15 117.637 13
      vertex 51.2 117.637 5
      vertex 159.15 117.637 5
    endloop
  endfacet
  facet normal 0 -1 0
    outer loop
      vertex 50.8 58.7875 0
      vertex 51 58.7875 0.299999
      vertex 50.8 58.7875 0.299999
    endloop
  endfacet
  facet normal 0 -1 -0
    outer loop
      vertex 51 58.7875 0.299999
      vertex 50.8 58.7875 0
      vertex 51 58.7875 0
    endloop
  endfacet
  facet normal -0 0 1
    outer loop
      vertex 50.8 61.7875 0.299999
      vertex 51 58.7875 0.299999
      vertex 51 61.7875 0.299999
    endloop
  endfacet
  facet normal 0 0 1
    outer loop
      vertex 51 58.7875 0.299999
      vertex 50.8 61.7875 0.299999
      vertex 50.8 58.7875 0.299999
    endloop
  endfacet
  facet normal 0 1 -0
    outer loop
      vertex 51 61.7875 0
      vertex 50.8 61.7875 0.299999
      vertex 51 61.7875 0.299999
    endloop
  endfacet
  facet normal 0 1 0
    outer loop
      vertex 50.8 61.7875 0.299999
      vertex 51 61.7875 0
      vertex 50.8 61.7875 0
    endloop
  endfacet
  facet normal 0 0 -1
    outer loop
      vertex 0 33.7375 0
      vertex 50.8 58.7875 0
      vertex 50.8 33.7375 0
    endloop
  endfacet
  facet normal -0 0 -1
    outer loop
      vertex 50.8 58.7875 0
      vertex 0 33.7375 0
      vertex 50.8 61.7875 0
    endloop
  endfacet
  facet normal -0 0 -1
    outer loop
      vertex 50.8 61.7875 0
      vertex 0 33.7375 0
      vertex 50.8 72.2375 0
    endloop
  endfacet
  facet normal -0 0 -1
    outer loop
      vertex 50.8 72.2375 0
      vertex 0 33.7375 0
      vertex 50.8 75.2375 0
    endloop
  endfacet
  facet normal 0 0 -1
    outer loop
      vertex 0 113.738 0
      vertex 50.8 75.2375 0
      vertex 0 33.7375 0
    endloop
  endfacet
  facet normal 0 0 -1
    outer loop
      vertex 50.8 75.2375 0
      vertex 0 113.738 0
      vertex 50.8 85.6875 0
    endloop
  endfacet
  facet normal 0 0 -1
    outer loop
      vertex 50.8 85.6875 0
      vertex 0 113.738 0
      vertex 50.8 88.6875 0
    endloop
  endfacet
  facet normal 0 0 -1
    outer loop
      vertex 50.8 88.6875 0
      vertex 0 113.738 0
      vertex 50.8 113.738 0
    endloop
  endfacet
  facet normal 0 0 -1
    outer loop
      vertex 50.8 58.7875 0
      vertex 51 61.7875 0
      vertex 51 58.7875 0
    endloop
  endfacet
  facet normal -0 0 -1
    outer loop
      vertex 51 61.7875 0
      vertex 50.8 58.7875 0
      vertex 50.8 61.7875 0
    endloop
  endfacet
  facet normal 0 0 -1
    outer loop
      vertex 50.8 72.2375 0
      vertex 51 75.2375 0
      vertex 51 72.2375 0
    endloop
  endfacet
  facet normal -0 0 -1
    outer loop
      vertex 51 75.2375 0
      vertex 50.8 72.2375 0
      vertex 50.8 75.2375 0
    endloop
  endfacet
  facet normal 0 0 -1
    outer loop
      vertex 50.8 85.6875 0
      vertex 51 88.6875 0
      vertex 51 85.6875 0
    endloop
  endfacet
  facet normal -0 0 -1
    outer loop
      vertex 51 88.6875 0
      vertex 50.8 85.6875 0
      vertex 50.8 88.6875 0
    endloop
  endfacet
  facet normal 1 -0 0
    outer loop
      vertex 51 58.7875 0.299999
      vertex 51 61.7875 0
      vertex 51 61.7875 0.299999
    endloop
  endfacet
  facet normal 1 0 0
    outer loop
      vertex 51 61.7875 0
      vertex 51 58.7875 0.299999
      vertex 51 58.7875 0
    endloop
  endfacet
  facet normal 0 -1 0
    outer loop
      vertex 50.8 72.2375 0
      vertex 51 72.2375 0.299999
      vertex 50.8 72.2375 0.299999
    endloop
  endfacet
  facet normal 0 -1 -0
    outer loop
      vertex 51 72.2375 0.299999
      vertex 50.8 72.2375 0
      vertex 51 72.2375 0
    endloop
  endfacet
  facet normal -0 0 1
    outer loop
      vertex 50.8 75.2375 0.299999
      vertex 51 72.2375 0.299999
      vertex 51 75.2375 0.299999
    endloop
  endfacet
  facet normal 0 0 1
    outer loop
      vertex 51 72.2375 0.299999
      vertex 50.8 75.2375 0.299999
      vertex 50.8 72.2375 0.299999
    endloop
  endfacet
  facet normal 0 1 -0
    outer loop
      vertex 51 75.2375 0
      vertex 50.8 75.2375 0.299999
      vertex 51 75.2375 0.299999
    endloop
  endfacet
  facet normal 0 1 0
    outer loop
      vertex 50.8 75.2375 0.299999
      vertex 51 75.2375 0
      vertex 50.8 75.2375 0
    endloop
  endfacet
  facet normal 1 -0 0
    outer loop
      vertex 51 72.2375 0.299999
      vertex 51 75.2375 0
      vertex 51 75.2375 0.299999
    endloop
  endfacet
  facet normal 1 0 0
    outer loop
      vertex 51 75.2375 0
      vertex 51 72.2375 0.299999
      vertex 51 72.2375 0
    endloop
  endfacet
  facet normal 0 -1 0
    outer loop
      vertex 50.8 85.6875 0
      vertex 51 85.6875 0.299999
      vertex 50.8 85.6875 0.299999
    endloop
  endfacet
  facet normal 0 -1 -0
    outer loop
      vertex 51 85.6875 0.299999
      vertex 50.8 85.6875 0
      vertex 51 85.6875 0
    endloop
  endfacet
  facet normal -0 0 1
    outer loop
      vertex 50.8 88.6875 0.299999
      vertex 51 85.6875 0.299999
      vertex 51 88.6875 0.299999
    endloop
  endfacet
  facet normal 0 0 1
    outer loop
      vertex 51 85.6875 0.299999
      vertex 50.8 88.6875 0.299999
      vertex 50.8 85.6875 0.299999
    endloop
  endfacet
  facet normal 0 1 -0
    outer loop
      vertex 51 88.6875 0
      vertex 50.8 88.6875 0.299999
      vertex 51 88.6875 0.299999
    endloop
  endfacet
  facet normal 0 1 0
    outer loop
      vertex 50.8 88.6875 0.299999
      vertex 51 88.6875 0
      vertex 50.8 88.6875 0
    endloop
  endfacet
  facet normal 1 -0 0
    outer loop
      vertex 51 85.6875 0.299999
      vertex 51 88.6875 0
      vertex 51 88.6875 0.299999
    endloop
  endfacet
  facet normal 1 0 0
    outer loop
      vertex 51 88.6875 0
      vertex 51 85.6875 0.299999
      vertex 51 85.6875 0
    endloop
  endfacet
  facet normal -1 0 0
    outer loop
      vertex 45.3 33.7375 5
      vertex 45.3 38.7375 13
      vertex 45.3 38.7375 5
    endloop
  endfacet
  facet normal -1 -0 0
    outer loop
      vertex 45.3 38.7375 13
      vertex 45.3 33.7375 5
      vertex 45.3 33.7375 13
    endloop
  endfacet
  facet normal -1 0 0
    outer loop
      vertex 45.3 108.738 5
      vertex 45.3 113.738 13
      vertex 45.3 113.738 5
    endloop
  endfacet
  facet normal -1 -0 0
    outer loop
      vertex 45.3 113.738 13
      vertex 45.3 108.738 5
      vertex 45.3 108.738 13
    endloop
  endfacet
  facet normal -1 0 0
    outer loop
      vertex 45.3 40.7375 5
      vertex 45.3 106.738 13
      vertex 45.3 106.738 5
    endloop
  endfacet
  facet normal -1 -0 0
    outer loop
      vertex 45.3 106.738 13
      vertex 45.3 40.7375 5
      vertex 45.3 40.7375 13
    endloop
  endfacet
  facet normal -0 0 1
    outer loop
      vertex 48.8 106.738 13
      vertex 49.2 40.7375 13
      vertex 49.2 106.738 13
    endloop
  endfacet
  facet normal 0 0 1
    outer loop
      vertex 49.2 40.7375 13
      vertex 48.8 106.738 13
      vertex 48.8 40.7375 13
    endloop
  endfacet
  facet normal 0 0 1
    outer loop
      vertex 49.2 106.738 13
      vertex 50.8 113.738 13
      vertex 49.2 108.738 13
    endloop
  endfacet
  facet normal -0 0 1
    outer loop
      vertex 48.8 113.738 13
      vertex 49.2 108.738 13
      vertex 50.8 113.738 13
    endloop
  endfacet
  facet normal 0 0 1
    outer loop
      vertex 49.2 108.738 13
      vertex 48.8 113.738 13
      vertex 48.8 108.738 13
    endloop
  endfacet
  facet normal 0 0 1
    outer loop
      vertex 50.8 113.738 13
      vertex 49.2 106.738 13
      vertex 50.8 33.7375 13
    endloop
  endfacet
  facet normal -0 0 1
    outer loop
      vertex 49.2 40.7375 13
      vertex 50.8 33.7375 13
      vertex 49.2 106.738 13
    endloop
  endfacet
  facet normal -0 0 1
    outer loop
      vertex 49.2 38.7375 13
      vertex 50.8 33.7375 13
      vertex 49.2 40.7375 13
    endloop
  endfacet
  facet normal 0 0 1
    outer loop
      vertex 48.8 33.7375 13
      vertex 49.2 38.7375 13
      vertex 48.8 38.7375 13
    endloop
  endfacet
  facet normal 0 0 1
    outer loop
      vertex 49.2 38.7375 13
      vertex 48.8 33.7375 13
      vertex 50.8 33.7375 13
    endloop
  endfacet
  facet normal -0 0 1
    outer loop
      vertex 45.3 38.7375 13
      vertex 47.3 33.7375 13
      vertex 47.3 38.7375 13
    endloop
  endfacet
  facet normal 0 0 1
    outer loop
      vertex 47.3 33.7375 13
      vertex 45.3 38.7375 13
      vertex 45.3 33.7375 13
    endloop
  endfacet
  facet normal -0 0 1
    outer loop
      vertex 45.3 113.738 13
      vertex 47.3 108.738 13
      vertex 47.3 113.738 13
    endloop
  endfacet
  facet normal 0 0 1
    outer loop
      vertex 47.3 108.738 13
      vertex 45.3 113.738 13
      vertex 45.3 108.738 13
    endloop
  endfacet
  facet normal -0 0 1
    outer loop
      vertex 45.3 106.738 13
      vertex 47.3 40.7375 13
      vertex 47.3 106.738 13
    endloop
  endfacet
  facet normal 0 0 1
    outer loop
      vertex 47.3 40.7375 13
      vertex 45.3 106.738 13
      vertex 45.3 40.7375 13
    endloop
  endfacet
  facet normal 1 -0 0
    outer loop
      vertex 50.8 33.7375 13
      vertex 50.8 113.738 5
      vertex 50.8 113.738 13
    endloop
  endfacet
  facet normal 1 0 0
    outer loop
      vertex 50.8 113.738 5
      vertex 50.8 33.7375 13
      vertex 50.8 33.7375 5
    endloop
  endfacet
  facet normal 0 1 -0
    outer loop
      vertex 50.8 113.738 5
      vertex 48.8 113.738 13
      vertex 50.8 113.738 13
    endloop
  endfacet
  facet normal 0 1 0
    outer loop
      vertex 48.8 113.738 13
      vertex 50.8 113.738 5
      vertex 48.8 113.738 5
    endloop
  endfacet
  facet normal 0 1 -0
    outer loop
      vertex 47.3 113.738 5
      vertex 45.3 113.738 13
      vertex 47.3 113.738 13
    endloop
  endfacet
  facet normal 0 1 0
    outer loop
      vertex 45.3 113.738 13
      vertex 47.3 113.738 5
      vertex 45.3 113.738 5
    endloop
  endfacet
  facet normal 0 0 1
    outer loop
      vertex 45.3 113.738 5
      vertex 34.2 108.738 5
      vertex 45.3 108.738 5
    endloop
  endfacet
  facet normal 0 0 1
    outer loop
      vertex 0 113.738 5
      vertex 34.2 106.738 5
      vertex 34.2 108.738 5
    endloop
  endfacet
  facet normal 0 0 1
    outer loop
      vertex 34.2 106.738 5
      vertex 0 113.738 5
      vertex 34.2 40.7375 5
    endloop
  endfacet
  facet normal 0 0 1
    outer loop
      vertex 0 33.7375 5
      vertex 34.2 40.7375 5
      vertex 0 113.738 5
    endloop
  endfacet
  facet normal -0 0 1
    outer loop
      vertex 0 113.738 5
      vertex 34.2 108.738 5
      vertex 45.3 113.738 5
    endloop
  endfacet
  facet normal -0 0 1
    outer loop
      vertex 34.2 106.738 5
      vertex 45.3 40.7375 5
      vertex 45.3 106.738 5
    endloop
  endfacet
  facet normal 0 0 1
    outer loop
      vertex 45.3 40.7375 5
      vertex 34.2 106.738 5
      vertex 34.2 40.7375 5
    endloop
  endfacet
  facet normal -0 0 1
    outer loop
      vertex 34.2 38.7375 5
      vertex 45.3 33.7375 5
      vertex 45.3 38.7375 5
    endloop
  endfacet
  facet normal 0 0 1
    outer loop
      vertex 34.2 38.7375 5
      vertex 0 33.7375 5
      vertex 45.3 33.7375 5
    endloop
  endfacet
  facet normal 0 0 1
    outer loop
      vertex 34.2 40.7375 5
      vertex 0 33.7375 5
      vertex 34.2 38.7375 5
    endloop
  endfacet
  facet normal -0 0 1
    outer loop
      vertex 47.3 38.7375 5
      vertex 48.8 33.7375 5
      vertex 48.8 38.7375 5
    endloop
  endfacet
  facet normal 0 0 1
    outer loop
      vertex 48.8 33.7375 5
      vertex 47.3 38.7375 5
      vertex 47.3 33.7375 5
    endloop
  endfacet
  facet normal 0 0 0
    outer loop
      vertex 0 33.7375 5
      vertex 50.8 33.7375 5
      vertex 48.8 33.7375 5
    endloop
  endfacet
  facet normal 0 0 0
    outer loop
      vertex 48.8 33.7375 5
      vertex 47.3 33.7375 5
      vertex 45.3 33.7375 5
    endloop
  endfacet
  facet normal 0 0 0
    outer loop
      vertex 0 33.7375 5
      vertex 48.8 33.7375 5
      vertex 45.3 33.7375 5
    endloop
  endfacet
  facet normal -0 0 1
    outer loop
      vertex 47.3 113.738 5
      vertex 48.8 108.738 5
      vertex 48.8 113.738 5
    endloop
  endfacet
  facet normal 0 0 1
    outer loop
      vertex 48.8 108.738 5
      vertex 47.3 113.738 5
      vertex 47.3 108.738 5
    endloop
  endfacet
  facet normal -0 0 1
    outer loop
      vertex 47.3 106.738 5
      vertex 48.8 40.7375 5
      vertex 48.8 106.738 5
    endloop
  endfacet
  facet normal 0 0 1
    outer loop
      vertex 48.8 40.7375 5
      vertex 47.3 106.738 5
      vertex 47.3 40.7375 5
    endloop
  endfacet
  facet normal 0 -1 0
    outer loop
      vertex 48.8 33.7375 5
      vertex 50.8 33.7375 13
      vertex 48.8 33.7375 13
    endloop
  endfacet
  facet normal 0 -1 -0
    outer loop
      vertex 50.8 33.7375 13
      vertex 48.8 33.7375 5
      vertex 50.8 33.7375 5
    endloop
  endfacet
  facet normal 0 -1 0
    outer loop
      vertex 45.3 33.7375 5
      vertex 47.3 33.7375 13
      vertex 45.3 33.7375 13
    endloop
  endfacet
  facet normal 0 -1 -0
    outer loop
      vertex 47.3 33.7375 13
      vertex 45.3 33.7375 5
      vertex 47.3 33.7375 5
    endloop
  endfacet
  facet normal 1 -0 0
    outer loop
      vertex 47.3 33.7375 13
      vertex 47.3 38.7375 5
      vertex 47.3 38.7375 13
    endloop
  endfacet
  facet normal 1 0 0
    outer loop
      vertex 47.3 38.7375 5
      vertex 47.3 33.7375 13
      vertex 47.3 33.7375 5
    endloop
  endfacet
  facet normal 1 -0 0
    outer loop
      vertex 47.3 108.738 13
      vertex 47.3 113.738 5
      vertex 47.3 113.738 13
    endloop
  endfacet
  facet normal 1 0 0
    outer loop
      vertex 47.3 113.738 5
      vertex 47.3 108.738 13
      vertex 47.3 108.738 5
    endloop
  endfacet
  facet normal 1 -0 0
    outer loop
      vertex 47.3 40.7375 13
      vertex 47.3 106.738 5
      vertex 47.3 106.738 13
    endloop
  endfacet
  facet normal 1 0 0
    outer loop
      vertex 47.3 106.738 5
      vertex 47.3 40.7375 13
      vertex 47.3 40.7375 5
    endloop
  endfacet
  facet normal -1 0 0
    outer loop
      vertex 48.8 108.738 5
      vertex 48.8 113.738 13
      vertex 48.8 113.738 5
    endloop
  endfacet
  facet normal -1 -0 0
    outer loop
      vertex 48.8 113.738 13
      vertex 48.8 108.738 5
      vertex 48.8 108.738 13
    endloop
  endfacet
  facet normal -1 0 0
    outer loop
      vertex 48.8 33.7375 5
      vertex 48.8 38.7375 13
      vertex 48.8 38.7375 5
    endloop
  endfacet
  facet normal -1 -0 0
    outer loop
      vertex 48.8 38.7375 13
      vertex 48.8 33.7375 5
      vertex 48.8 33.7375 13
    endloop
  endfacet
  facet normal -1 0 0
    outer loop
      vertex 48.8 40.7375 5
      vertex 48.8 106.738 13
      vertex 48.8 106.738 5
    endloop
  endfacet
  facet normal -1 -0 0
    outer loop
      vertex 48.8 106.738 13
      vertex 48.8 40.7375 5
      vertex 48.8 40.7375 13
    endloop
  endfacet
  facet normal 0 -1 0
    outer loop
      vertex 159.15 58.7875 0
      vertex 159.35 58.7875 0.299999
      vertex 159.15 58.7875 0.299999
    endloop
  endfacet
  facet normal 0 -1 -0
    outer loop
      vertex 159.35 58.7875 0.299999
      vertex 159.15 58.7875 0
      vertex 159.35 58.7875 0
    endloop
  endfacet
  facet normal -0 0 1
    outer loop
      vertex 159.15 61.7875 0.299999
      vertex 159.35 58.7875 0.299999
      vertex 159.35 61.7875 0.299999
    endloop
  endfacet
  facet normal 0 0 1
    outer loop
      vertex 159.35 58.7875 0.299999
      vertex 159.15 61.7875 0.299999
      vertex 159.15 58.7875 0.299999
    endloop
  endfacet
  facet normal 0 1 -0
    outer loop
      vertex 159.35 61.7875 0
      vertex 159.15 61.7875 0.299999
      vertex 159.35 61.7875 0.299999
    endloop
  endfacet
  facet normal 0 1 0
    outer loop
      vertex 159.15 61.7875 0.299999
      vertex 159.35 61.7875 0
      vertex 159.15 61.7875 0
    endloop
  endfacet
  facet normal 1 -0 0
    outer loop
      vertex 159.35 58.7875 0.299999
      vertex 159.35 61.7875 0
      vertex 159.35 61.7875 0.299999
    endloop
  endfacet
  facet normal 1 0 0
    outer loop
      vertex 159.35 61.7875 0
      vertex 159.35 58.7875 0.299999
      vertex 159.35 58.7875 0
    endloop
  endfacet
  facet normal 0 -1 0
    outer loop
      vertex 159.15 72.2375 0
      vertex 159.35 72.2375 0.299999
      vertex 159.15 72.2375 0.299999
    endloop
  endfacet
  facet normal 0 -1 -0
    outer loop
      vertex 159.35 72.2375 0.299999
      vertex 159.15 72.2375 0
      vertex 159.35 72.2375 0
    endloop
  endfacet
  facet normal -0 0 1
    outer loop
      vertex 159.15 75.2375 0.299999
      vertex 159.35 72.2375 0.299999
      vertex 159.35 75.2375 0.299999
    endloop
  endfacet
  facet normal 0 0 1
    outer loop
      vertex 159.35 72.2375 0.299999
      vertex 159.15 75.2375 0.299999
      vertex 159.15 72.2375 0.299999
    endloop
  endfacet
  facet normal 0 1 -0
    outer loop
      vertex 159.35 75.2375 0
      vertex 159.15 75.2375 0.299999
      vertex 159.35 75.2375 0.299999
    endloop
  endfacet
  facet normal 0 1 0
    outer loop
      vertex 159.15 75.2375 0.299999
      vertex 159.35 75.2375 0
      vertex 159.15 75.2375 0
    endloop
  endfacet
  facet normal 1 -0 0
    outer loop
      vertex 159.35 72.2375 0.299999
      vertex 159.35 75.2375 0
      vertex 159.35 75.2375 0.299999
    endloop
  endfacet
  facet normal 1 0 0
    outer loop
      vertex 159.35 75.2375 0
      vertex 159.35 72.2375 0.299999
      vertex 159.35 72.2375 0
    endloop
  endfacet
  facet normal 0 -1 0
    outer loop
      vertex 159.15 85.6875 0
      vertex 159.35 85.6875 0.299999
      vertex 159.15 85.6875 0.299999
    endloop
  endfacet
  facet normal 0 -1 -0
    outer loop
      vertex 159.35 85.6875 0.299999
      vertex 159.15 85.6875 0
      vertex 159.35 85.6875 0
    endloop
  endfacet
  facet normal -0 0 1
    outer loop
      vertex 159.15 88.6875 0.299999
      vertex 159.35 85.6875 0.299999
      vertex 159.35 88.6875 0.299999
    endloop
  endfacet
  facet normal 0 0 1
    outer loop
      vertex 159.35 85.6875 0.299999
      vertex 159.15 88.6875 0.299999
      vertex 159.15 85.6875 0.299999
    endloop
  endfacet
  facet normal 0 1 -0
    outer loop
      vertex 159.35 88.6875 0
      vertex 159.15 88.6875 0.299999
      vertex 159.35 88.6875 0.299999
    endloop
  endfacet
  facet normal 0 1 0
    outer loop
      vertex 159.15 88.6875 0.299999
      vertex 159.35 88.6875 0
      vertex 159.15 88.6875 0
    endloop
  endfacet
  facet normal 1 -0 0
    outer loop
      vertex 159.35 85.6875 0.299999
      vertex 159.35 88.6875 0
      vertex 159.35 88.6875 0.299999
    endloop
  endfacet
  facet normal 1 0 0
    outer loop
      vertex 159.35 88.6875 0
      vertex 159.35 85.6875 0.299999
      vertex 159.35 85.6875 0
    endloop
  endfacet
  facet normal -1 0 0
    outer loop
      vertex 159.55 33.7375 5
      vertex 159.55 113.738 13
      vertex 159.55 113.738 5
    endloop
  endfacet
  facet normal -1 -0 0
    outer loop
      vertex 159.55 113.738 13
      vertex 159.55 33.7375 5
      vertex 159.55 33.7375 13
    endloop
  endfacet
  facet normal -0 0 1
    outer loop
      vertex 163.05 38.7375 13
      vertex 165.05 33.7375 13
      vertex 165.05 38.7375 13
    endloop
  endfacet
  facet normal 0 0 1
    outer loop
      vertex 165.05 33.7375 13
      vertex 163.05 38.7375 13
      vertex 163.05 33.7375 13
    endloop
  endfacet
  facet normal -0 0 1
    outer loop
      vertex 163.05 113.738 13
      vertex 165.05 108.738 13
      vertex 165.05 113.738 13
    endloop
  endfacet
  facet normal 0 0 1
    outer loop
      vertex 165.05 108.738 13
      vertex 163.05 113.738 13
      vertex 163.05 108.738 13
    endloop
  endfacet
  facet normal -0 0 1
    outer loop
      vertex 163.05 106.738 13
      vertex 165.05 40.7375 13
      vertex 165.05 106.738 13
    endloop
  endfacet
  facet normal 0 0 1
    outer loop
      vertex 165.05 40.7375 13
      vertex 163.05 106.738 13
      vertex 163.05 40.7375 13
    endloop
  endfacet
  facet normal 0 0 1
    outer loop
      vertex 161.55 113.738 13
      vertex 161.15 108.738 13
      vertex 161.55 108.738 13
    endloop
  endfacet
  facet normal 0 0 1
    outer loop
      vertex 159.55 113.738 13
      vertex 161.15 106.738 13
      vertex 161.15 108.738 13
    endloop
  endfacet
  facet normal 0 0 1
    outer loop
      vertex 161.15 106.738 13
      vertex 159.55 113.738 13
      vertex 161.15 40.7375 13
    endloop
  endfacet
  facet normal 0 0 1
    outer loop
      vertex 159.55 33.7375 13
      vertex 161.15 40.7375 13
      vertex 159.55 113.738 13
    endloop
  endfacet
  facet normal -0 0 1
    outer loop
      vertex 159.55 113.738 13
      vertex 161.15 108.738 13
      vertex 161.55 113.738 13
    endloop
  endfacet
  facet normal -0 0 1
    outer loop
      vertex 161.15 106.738 13
      vertex 161.55 40.7375 13
      vertex 161.55 106.738 13
    endloop
  endfacet
  facet normal 0 0 1
    outer loop
      vertex 161.55 40.7375 13
      vertex 161.15 106.738 13
      vertex 161.15 40.7375 13
    endloop
  endfacet
  facet normal -0 0 1
    outer loop
      vertex 161.15 38.7375 13
      vertex 161.55 33.7375 13
      vertex 161.55 38.7375 13
    endloop
  endfacet
  facet normal 0 0 1
    outer loop
      vertex 161.15 38.7375 13
      vertex 159.55 33.7375 13
      vertex 161.55 33.7375 13
    endloop
  endfacet
  facet normal 0 0 1
    outer loop
      vertex 161.15 40.7375 13
      vertex 159.55 33.7375 13
      vertex 161.15 38.7375 13
    endloop
  endfacet
  facet normal 1 -0 0
    outer loop
      vertex 165.05 33.7375 13
      vertex 165.05 38.7375 5
      vertex 165.05 38.7375 13
    endloop
  endfacet
  facet normal 1 0 0
    outer loop
      vertex 165.05 38.7375 5
      vertex 165.05 33.7375 13
      vertex 165.05 33.7375 5
    endloop
  endfacet
  facet normal 1 -0 0
    outer loop
      vertex 165.05 108.738 13
      vertex 165.05 113.738 5
      vertex 165.05 113.738 13
    endloop
  endfacet
  facet normal 1 0 0
    outer loop
      vertex 165.05 113.738 5
      vertex 165.05 108.738 13
      vertex 165.05 108.738 5
    endloop
  endfacet
  facet normal 1 -0 0
    outer loop
      vertex 165.05 40.7375 13
      vertex 165.05 106.738 5
      vertex 165.05 106.738 13
    endloop
  endfacet
  facet normal 1 0 0
    outer loop
      vertex 165.05 106.738 5
      vertex 165.05 40.7375 13
      vertex 165.05 40.7375 5
    endloop
  endfacet
  facet normal 0 1 -0
    outer loop
      vertex 165.05 113.738 5
      vertex 163.05 113.738 13
      vertex 165.05 113.738 13
    endloop
  endfacet
  facet normal 0 1 0
    outer loop
      vertex 163.05 113.738 13
      vertex 165.05 113.738 5
      vertex 163.05 113.738 5
    endloop
  endfacet
  facet normal 0 1 -0
    outer loop
      vertex 161.55 113.738 5
      vertex 159.55 113.738 13
      vertex 161.55 113.738 13
    endloop
  endfacet
  facet normal 0 1 0
    outer loop
      vertex 159.55 113.738 13
      vertex 161.55 113.738 5
      vertex 159.55 113.738 5
    endloop
  endfacet
  facet normal -0 0 1
    outer loop
      vertex 161.55 38.7375 5
      vertex 163.05 33.7375 5
      vertex 163.05 38.7375 5
    endloop
  endfacet
  facet normal 0 0 1
    outer loop
      vertex 163.05 33.7375 5
      vertex 161.55 38.7375 5
      vertex 161.55 33.7375 5
    endloop
  endfacet
  facet normal -0 0 1
    outer loop
      vertex 165.05 106.738 5
      vertex 176.15 40.7375 5
      vertex 176.15 106.738 5
    endloop
  endfacet
  facet normal 0 0 1
    outer loop
      vertex 176.15 40.7375 5
      vertex 165.05 106.738 5
      vertex 165.05 40.7375 5
    endloop
  endfacet
  facet normal 0 0 1
    outer loop
      vertex 176.15 106.738 5
      vertex 210.35 113.738 5
      vertex 176.15 108.738 5
    endloop
  endfacet
  facet normal -0 0 1
    outer loop
      vertex 165.05 113.738 5
      vertex 176.15 108.738 5
      vertex 210.35 113.738 5
    endloop
  endfacet
  facet normal 0 0 1
    outer loop
      vertex 176.15 108.738 5
      vertex 165.05 113.738 5
      vertex 165.05 108.738 5
    endloop
  endfacet
  facet normal 0 0 1
    outer loop
      vertex 210.35 113.738 5
      vertex 176.15 106.738 5
      vertex 210.35 33.7375 5
    endloop
  endfacet
  facet normal -0 0 1
    outer loop
      vertex 176.15 40.7375 5
      vertex 210.35 33.7375 5
      vertex 176.15 106.738 5
    endloop
  endfacet
  facet normal -0 0 1
    outer loop
      vertex 176.15 38.7375 5
      vertex 210.35 33.7375 5
      vertex 176.15 40.7375 5
    endloop
  endfacet
  facet normal 0 0 1
    outer loop
      vertex 165.05 33.7375 5
      vertex 176.15 38.7375 5
      vertex 165.05 38.7375 5
    endloop
  endfacet
  facet normal 0 0 1
    outer loop
      vertex 176.15 38.7375 5
      vertex 165.05 33.7375 5
      vertex 210.35 33.7375 5
    endloop
  endfacet
  facet normal 0 0 0
    outer loop
      vertex 163.05 33.7375 5
      vertex 161.55 33.7375 5
      vertex 159.55 33.7375 5
    endloop
  endfacet
  facet normal 0 0 -0
    outer loop
      vertex 163.05 33.7375 5
      vertex 159.55 33.7375 5
      vertex 210.35 33.7375 5
    endloop
  endfacet
  facet normal 0 0 0
    outer loop
      vertex 163.05 33.7375 5
      vertex 210.35 33.7375 5
      vertex 165.05 33.7375 5
    endloop
  endfacet
  facet normal -0 0 1
    outer loop
      vertex 161.55 113.738 5
      vertex 163.05 108.738 5
      vertex 163.05 113.738 5
    endloop
  endfacet
  facet normal 0 0 1
    outer loop
      vertex 163.05 108.738 5
      vertex 161.55 113.738 5
      vertex 161.55 108.738 5
    endloop
  endfacet
  facet normal -0 0 1
    outer loop
      vertex 161.55 106.738 5
      vertex 163.05 40.7375 5
      vertex 163.05 106.738 5
    endloop
  endfacet
  facet normal 0 0 1
    outer loop
      vertex 163.05 40.7375 5
      vertex 161.55 106.738 5
      vertex 161.55 40.7375 5
    endloop
  endfacet
  facet normal 0 -1 0
    outer loop
      vertex 163.05 33.7375 5
      vertex 165.05 33.7375 13
      vertex 163.05 33.7375 13
    endloop
  endfacet
  facet normal 0 -1 -0
    outer loop
      vertex 165.05 33.7375 13
      vertex 163.05 33.7375 5
      vertex 165.05 33.7375 5
    endloop
  endfacet
  facet normal 0 -1 0
    outer loop
      vertex 159.55 33.7375 5
      vertex 161.55 33.7375 13
      vertex 159.55 33.7375 13
    endloop
  endfacet
  facet normal 0 -1 -0
    outer loop
      vertex 161.55 33.7375 13
      vertex 159.55 33.7375 5
      vertex 161.55 33.7375 5
    endloop
  endfacet
  facet normal 1 -0 0
    outer loop
      vertex 161.55 33.7375 13
      vertex 161.55 38.7375 5
      vertex 161.55 38.7375 13
    endloop
  endfacet
  facet normal 1 0 0
    outer loop
      vertex 161.55 38.7375 5
      vertex 161.55 33.7375 13
      vertex 161.55 33.7375 5
    endloop
  endfacet
  facet normal 1 -0 0
    outer loop
      vertex 161.55 108.738 13
      vertex 161.55 113.738 5
      vertex 161.55 113.738 13
    endloop
  endfacet
  facet normal 1 0 0
    outer loop
      vertex 161.55 113.738 5
      vertex 161.55 108.738 13
      vertex 161.55 108.738 5
    endloop
  endfacet
  facet normal 1 -0 0
    outer loop
      vertex 161.55 40.7375 13
      vertex 161.55 106.738 5
      vertex 161.55 106.738 13
    endloop
  endfacet
  facet normal 1 0 0
    outer loop
      vertex 161.55 106.738 5
      vertex 161.55 40.7375 13
      vertex 161.55 40.7375 5
    endloop
  endfacet
  facet normal -1 0 0
    outer loop
      vertex 163.05 108.738 5
      vertex 163.05 113.738 13
      vertex 163.05 113.738 5
    endloop
  endfacet
  facet normal -1 -0 0
    outer loop
      vertex 163.05 113.738 13
      vertex 163.05 108.738 5
      vertex 163.05 108.738 13
    endloop
  endfacet
  facet normal -1 0 0
    outer loop
      vertex 163.05 33.7375 5
      vertex 163.05 38.7375 13
      vertex 163.05 38.7375 5
    endloop
  endfacet
  facet normal -1 -0 0
    outer loop
      vertex 163.05 38.7375 13
      vertex 163.05 33.7375 5
      vertex 163.05 33.7375 13
    endloop
  endfacet
  facet normal -1 0 0
    outer loop
      vertex 163.05 40.7375 5
      vertex 163.05 106.738 13
      vertex 163.05 106.738 5
    endloop
  endfacet
  facet normal -1 -0 0
    outer loop
      vertex 163.05 106.738 13
      vertex 163.05 40.7375 5
      vertex 163.05 40.7375 13
    endloop
  endfacet
  facet normal -1 0 0
    outer loop
      vertex 51.2 33.7375 0
      vertex 51.2 113.738 5
      vertex 51.2 113.738 0
    endloop
  endfacet
  facet normal -1 -0 0
    outer loop
      vertex 51.2 113.738 5
      vertex 51.2 33.7375 0
      vertex 51.2 33.7375 5
    endloop
  endfacet
  facet normal 1 0 0
    outer loop
      vertex 159.15 108.238 5
      vertex 159.15 85.6875 0.299999
      vertex 159.15 88.6875 0.299999
    endloop
  endfacet
  facet normal 1 0 0
    outer loop
      vertex 159.15 85.6875 0.299999
      vertex 159.15 75.2375 0.299999
      vertex 159.15 85.6875 0
    endloop
  endfacet
  facet normal 1 0 0
    outer loop
      vertex 159.15 108.238 5
      vertex 159.15 75.2375 0.299999
      vertex 159.15 85.6875 0.299999
    endloop
  endfacet
  facet normal 1 0 0
    outer loop
      vertex 159.15 108.238 5
      vertex 159.15 72.2375 0.299999
      vertex 159.15 75.2375 0.299999
    endloop
  endfacet
  facet normal 1 0 0
    outer loop
      vertex 159.15 72.2375 0.299999
      vertex 159.15 61.7875 0.299999
      vertex 159.15 72.2375 0
    endloop
  endfacet
  facet normal 1 -0 0
    outer loop
      vertex 159.15 39.2375 5
      vertex 159.15 72.2375 0.299999
      vertex 159.15 108.238 5
    endloop
  endfacet
  facet normal 1 0 0
    outer loop
      vertex 159.15 72.2375 0.299999
      vertex 159.15 39.2375 5
      vertex 159.15 61.7875 0.299999
    endloop
  endfacet
  facet normal 1 0 0
    outer loop
      vertex 159.15 61.7875 0.299999
      vertex 159.15 39.2375 5
      vertex 159.15 58.7875 0.299999
    endloop
  endfacet
  facet normal 1 0 0
    outer loop
      vertex 159.15 39.2375 5
      vertex 159.15 58.7875 0
      vertex 159.15 58.7875 0.299999
    endloop
  endfacet
  facet normal 1 0 0
    outer loop
      vertex 159.15 33.7375 0
      vertex 159.15 39.2375 5
      vertex 159.15 37.2375 5
    endloop
  endfacet
  facet normal 1 0 0
    outer loop
      vertex 159.15 33.7375 0
      vertex 159.15 37.2375 5
      vertex 159.15 35.7375 5
    endloop
  endfacet
  facet normal 1 0 0
    outer loop
      vertex 159.15 33.7375 0
      vertex 159.15 35.7375 5
      vertex 159.15 33.7375 5
    endloop
  endfacet
  facet normal 1 0 0
    outer loop
      vertex 159.15 39.2375 5
      vertex 159.15 33.7375 0
      vertex 159.15 58.7875 0
    endloop
  endfacet
  facet normal 1 -0 0
    outer loop
      vertex 159.15 111.738 5
      vertex 159.15 113.738 0
      vertex 159.15 113.738 5
    endloop
  endfacet
  facet normal 1 -0 0
    outer loop
      vertex 159.15 110.238 5
      vertex 159.15 113.738 0
      vertex 159.15 111.738 5
    endloop
  endfacet
  facet normal 1 -0 0
    outer loop
      vertex 159.15 108.238 5
      vertex 159.15 113.738 0
      vertex 159.15 110.238 5
    endloop
  endfacet
  facet normal 1 0 0
    outer loop
      vertex 159.15 88.6875 0
      vertex 159.15 108.238 5
      vertex 159.15 88.6875 0.299999
    endloop
  endfacet
  facet normal 1 0 0
    outer loop
      vertex 159.15 108.238 5
      vertex 159.15 88.6875 0
      vertex 159.15 113.738 0
    endloop
  endfacet
  facet normal 1 0 0
    outer loop
      vertex 159.15 85.6875 0
      vertex 159.15 75.2375 0.299999
      vertex 159.15 75.2375 0
    endloop
  endfacet
  facet normal 1 0 0
    outer loop
      vertex 159.15 72.2375 0
      vertex 159.15 61.7875 0.299999
      vertex 159.15 61.7875 0
    endloop
  endfacet
  facet normal 0 1 -0
    outer loop
      vertex 159.15 113.738 0
      vertex 51.2 113.738 5
      vertex 159.15 113.738 5
    endloop
  endfacet
  facet normal 0 1 0
    outer loop
      vertex 51.2 113.738 5
      vertex 159.15 113.738 0
      vertex 51.2 113.738 0
    endloop
  endfacet
  facet normal 0 -1 0
    outer loop
      vertex 106.675 33.7375 0
      vertex 131.413 33.7375 0.299999
      vertex 106.675 33.7375 0.299999
    endloop
  endfacet
  facet normal 0 -1 -0
    outer loop
      vertex 131.413 33.7375 0.299999
      vertex 106.675 33.7375 0
      vertex 131.413 33.7375 0
    endloop
  endfacet
  facet normal 0 -1 0
    outer loop
      vertex 78.9375 33.7375 0
      vertex 103.675 33.7375 0.299999
      vertex 78.9375 33.7375 0.299999
    endloop
  endfacet
  facet normal 0 -1 -0
    outer loop
      vertex 103.675 33.7375 0.299999
      vertex 78.9375 33.7375 0
      vertex 103.675 33.7375 0
    endloop
  endfacet
  facet normal 0 -1 0
    outer loop
      vertex 78.9375 33.7375 0.299999
      vertex 51.2 33.7375 5
      vertex 75.9375 33.7375 0.299999
    endloop
  endfacet
  facet normal 0 -1 0
    outer loop
      vertex 51.2 33.7375 0
      vertex 75.9375 33.7375 0.299999
      vertex 51.2 33.7375 5
    endloop
  endfacet
  facet normal 0 -1 -0
    outer loop
      vertex 75.9375 33.7375 0.299999
      vertex 51.2 33.7375 0
      vertex 75.9375 33.7375 0
    endloop
  endfacet
  facet normal 0 -1 0
    outer loop
      vertex 103.675 33.7375 0.299999
      vertex 51.2 33.7375 5
      vertex 78.9375 33.7375 0.299999
    endloop
  endfacet
  facet normal 0 -1 0
    outer loop
      vertex 51.2 33.7375 5
      vertex 103.675 33.7375 0.299999
      vertex 159.15 33.7375 5
    endloop
  endfacet
  facet normal 0 -1 0
    outer loop
      vertex 106.675 33.7375 0.299999
      vertex 159.15 33.7375 5
      vertex 103.675 33.7375 0.299999
    endloop
  endfacet
  facet normal 0 -1 0
    outer loop
      vertex 131.413 33.7375 0.299999
      vertex 159.15 33.7375 5
      vertex 106.675 33.7375 0.299999
    endloop
  endfacet
  facet normal 0 -1 0
    outer loop
      vertex 134.413 33.7375 0.299999
      vertex 159.15 33.7375 5
      vertex 131.413 33.7375 0.299999
    endloop
  endfacet
  facet normal 0 -1 0
    outer loop
      vertex 159.15 33.7375 0
      vertex 134.413 33.7375 0.299999
      vertex 134.413 33.7375 0
    endloop
  endfacet
  facet normal 0 -1 0
    outer loop
      vertex 134.413 33.7375 0.299999
      vertex 159.15 33.7375 0
      vertex 159.15 33.7375 5
    endloop
  endfacet
  facet normal -1 0 0
    outer loop
      vertex 51.2 114.137 0
      vertex 51.2 139.137 5
      vertex 51.2 139.137 0
    endloop
  endfacet
  facet normal -1 -0 0
    outer loop
      vertex 51.2 139.137 5
      vertex 51.2 114.137 0
      vertex 51.2 114.137 5
    endloop
  endfacet
  facet normal 1 -0 0
    outer loop
      vertex 159.15 119.637 5
      vertex 159.15 139.137 0
      vertex 159.15 139.137 5
    endloop
  endfacet
  facet normal 1 0 0
    outer loop
      vertex 159.15 114.137 0
      vertex 159.15 119.637 5
      vertex 159.15 117.637 5
    endloop
  endfacet
  facet normal 1 0 0
    outer loop
      vertex 159.15 114.137 0
      vertex 159.15 117.637 5
      vertex 159.15 116.137 5
    endloop
  endfacet
  facet normal 1 0 0
    outer loop
      vertex 159.15 114.137 0
      vertex 159.15 116.137 5
      vertex 159.15 114.137 5
    endloop
  endfacet
  facet normal 1 0 0
    outer loop
      vertex 159.15 119.637 5
      vertex 159.15 114.137 0
      vertex 159.15 139.137 0
    endloop
  endfacet
  facet normal 0 -1 0
    outer loop
      vertex 106.675 114.137 0
      vertex 131.413 114.137 0.299999
      vertex 106.675 114.137 0.299999
    endloop
  endfacet
  facet normal 0 -1 -0
    outer loop
      vertex 131.413 114.137 0.299999
      vertex 106.675 114.137 0
      vertex 131.413 114.137 0
    endloop
  endfacet
  facet normal 0 -1 0
    outer loop
      vertex 78.9375 114.137 0
      vertex 103.675 114.137 0.299999
      vertex 78.9375 114.137 0.299999
    endloop
  endfacet
  facet normal 0 -1 -0
    outer loop
      vertex 103.675 114.137 0.299999
      vertex 78.9375 114.137 0
      vertex 103.675 114.137 0
    endloop
  endfacet
  facet normal 0 -1 0
    outer loop
      vertex 78.9375 114.137 0.299999
      vertex 51.2 114.137 5
      vertex 75.9375 114.137 0.299999
    endloop
  endfacet
  facet normal 0 -1 0
    outer loop
      vertex 51.2 114.137 0
      vertex 75.9375 114.137 0.299999
      vertex 51.2 114.137 5
    endloop
  endfacet
  facet normal 0 -1 -0
    outer loop
      vertex 75.9375 114.137 0.299999
      vertex 51.2 114.137 0
      vertex 75.9375 114.137 0
    endloop
  endfacet
  facet normal 0 -1 0
    outer loop
      vertex 103.675 114.137 0.299999
      vertex 51.2 114.137 5
      vertex 78.9375 114.137 0.299999
    endloop
  endfacet
  facet normal 0 -1 0
    outer loop
      vertex 51.2 114.137 5
      vertex 103.675 114.137 0.299999
      vertex 159.15 114.137 5
    endloop
  endfacet
  facet normal 0 -1 0
    outer loop
      vertex 106.675 114.137 0.299999
      vertex 159.15 114.137 5
      vertex 103.675 114.137 0.299999
    endloop
  endfacet
  facet normal 0 -1 0
    outer loop
      vertex 131.413 114.137 0.299999
      vertex 159.15 114.137 5
      vertex 106.675 114.137 0.299999
    endloop
  endfacet
  facet normal 0 -1 0
    outer loop
      vertex 134.413 114.137 0.299999
      vertex 159.15 114.137 5
      vertex 131.413 114.137 0.299999
    endloop
  endfacet
  facet normal 0 -1 0
    outer loop
      vertex 159.15 114.137 0
      vertex 134.413 114.137 0.299999
      vertex 134.413 114.137 0
    endloop
  endfacet
  facet normal 0 -1 0
    outer loop
      vertex 134.413 114.137 0.299999
      vertex 159.15 114.137 0
      vertex 159.15 114.137 5
    endloop
  endfacet
  facet normal 0 1 -0
    outer loop
      vertex 159.15 139.137 0
      vertex 51.2 139.137 5
      vertex 159.15 139.137 5
    endloop
  endfacet
  facet normal 0 1 0
    outer loop
      vertex 51.2 139.137 5
      vertex 159.15 139.137 0
      vertex 51.2 139.137 0
    endloop
  endfacet
  facet normal -1 0 0
    outer loop
      vertex 0 33.7375 0
      vertex 0 113.738 5
      vertex 0 113.738 0
    endloop
  endfacet
  facet normal -1 -0 0
    outer loop
      vertex 0 113.738 5
      vertex 0 33.7375 0
      vertex 0 33.7375 5
    endloop
  endfacet
  facet normal 1 0 0
    outer loop
      vertex 50.8 113.738 5
      vertex 50.8 88.6875 0.299999
      vertex 50.8 113.738 0
    endloop
  endfacet
  facet normal 1 0 0
    outer loop
      vertex 50.8 113.738 5
      vertex 50.8 85.6875 0.299999
      vertex 50.8 88.6875 0.299999
    endloop
  endfacet
  facet normal 1 0 0
    outer loop
      vertex 50.8 85.6875 0.299999
      vertex 50.8 75.2375 0.299999
      vertex 50.8 85.6875 0
    endloop
  endfacet
  facet normal 1 0 0
    outer loop
      vertex 50.8 113.738 5
      vertex 50.8 75.2375 0.299999
      vertex 50.8 85.6875 0.299999
    endloop
  endfacet
  facet normal 1 0 0
    outer loop
      vertex 50.8 113.738 5
      vertex 50.8 72.2375 0.299999
      vertex 50.8 75.2375 0.299999
    endloop
  endfacet
  facet normal 1 0 0
    outer loop
      vertex 50.8 72.2375 0.299999
      vertex 50.8 61.7875 0.299999
      vertex 50.8 72.2375 0
    endloop
  endfacet
  facet normal 1 -0 0
    outer loop
      vertex 50.8 33.7375 5
      vertex 50.8 72.2375 0.299999
      vertex 50.8 113.738 5
    endloop
  endfacet
  facet normal 1 0 0
    outer loop
      vertex 50.8 72.2375 0.299999
      vertex 50.8 33.7375 5
      vertex 50.8 61.7875 0.299999
    endloop
  endfacet
  facet normal 1 0 0
    outer loop
      vertex 50.8 61.7875 0.299999
      vertex 50.8 33.7375 5
      vertex 50.8 58.7875 0.299999
    endloop
  endfacet
  facet normal 1 0 0
    outer loop
      vertex 50.8 33.7375 0
      vertex 50.8 58.7875 0.299999
      vertex 50.8 33.7375 5
    endloop
  endfacet
  facet normal 1 0 0
    outer loop
      vertex 50.8 58.7875 0.299999
      vertex 50.8 33.7375 0
      vertex 50.8 58.7875 0
    endloop
  endfacet
  facet normal 1 0 0
    outer loop
      vertex 50.8 113.738 0
      vertex 50.8 88.6875 0.299999
      vertex 50.8 88.6875 0
    endloop
  endfacet
  facet normal 1 0 0
    outer loop
      vertex 50.8 85.6875 0
      vertex 50.8 75.2375 0.299999
      vertex 50.8 75.2375 0
    endloop
  endfacet
  facet normal 1 0 0
    outer loop
      vertex 50.8 72.2375 0
      vertex 50.8 61.7875 0.299999
      vertex 50.8 61.7875 0
    endloop
  endfacet
  facet normal 0 1 -0
    outer loop
      vertex 50.8 113.738 0
      vertex 48.8 113.738 5
      vertex 50.8 113.738 5
    endloop
  endfacet
  facet normal 0 1 0
    outer loop
      vertex 48.8 113.738 5
      vertex 50.8 113.738 0
      vertex 47.3 113.738 5
    endloop
  endfacet
  facet normal 0 1 0
    outer loop
      vertex 47.3 113.738 5
      vertex 50.8 113.738 0
      vertex 45.3 113.738 5
    endloop
  endfacet
  facet normal 0 1 0
    outer loop
      vertex 0 113.738 0
      vertex 45.3 113.738 5
      vertex 50.8 113.738 0
    endloop
  endfacet
  facet normal 0 1 0
    outer loop
      vertex 45.3 113.738 5
      vertex 0 113.738 0
      vertex 0 113.738 5
    endloop
  endfacet
  facet normal 0 -1 0
    outer loop
      vertex 0 33.7375 0
      vertex 50.8 33.7375 5
      vertex 0 33.7375 5
    endloop
  endfacet
  facet normal 0 -1 -0
    outer loop
      vertex 50.8 33.7375 5
      vertex 0 33.7375 0
      vertex 50.8 33.7375 0
    endloop
  endfacet
  facet normal -1 0 0
    outer loop
      vertex 159.55 33.7375 0
      vertex 159.55 113.738 5
      vertex 159.55 113.738 0
    endloop
  endfacet
  facet normal -1 -0 0
    outer loop
      vertex 159.55 113.738 5
      vertex 159.55 33.7375 0
      vertex 159.55 33.7375 5
    endloop
  endfacet
  facet normal 1 -0 0
    outer loop
      vertex 210.35 33.7375 5
      vertex 210.35 113.738 0
      vertex 210.35 113.738 5
    endloop
  endfacet
  facet normal 1 0 0
    outer loop
      vertex 210.35 113.738 0
      vertex 210.35 33.7375 5
      vertex 210.35 33.7375 0
    endloop
  endfacet
  facet normal 0 1 -0
    outer loop
      vertex 210.35 113.738 0
      vertex 165.05 113.738 5
      vertex 210.35 113.738 5
    endloop
  endfacet
  facet normal 0 1 0
    outer loop
      vertex 159.55 113.738 0
      vertex 165.05 113.738 5
      vertex 210.35 113.738 0
    endloop
  endfacet
  facet normal 0 1 0
    outer loop
      vertex 165.05 113.738 5
      vertex 159.55 113.738 0
      vertex 163.05 113.738 5
    endloop
  endfacet
  facet normal 0 1 0
    outer loop
      vertex 163.05 113.738 5
      vertex 159.55 113.738 0
      vertex 161.55 113.738 5
    endloop
  endfacet
  facet normal 0 1 0
    outer loop
      vertex 161.55 113.738 5
      vertex 159.55 113.738 0
      vertex 159.55 113.738 5
    endloop
  endfacet
  facet normal 0 0 -1
    outer loop
      vertex 159.55 33.7375 0
      vertex 210.35 113.738 0
      vertex 210.35 33.7375 0
    endloop
  endfacet
  facet normal -0 0 -1
    outer loop
      vertex 210.35 113.738 0
      vertex 159.55 33.7375 0
      vertex 159.55 113.738 0
    endloop
  endfacet
  facet normal 0 -1 0
    outer loop
      vertex 159.55 33.7375 0
      vertex 210.35 33.7375 5
      vertex 159.55 33.7375 5
    endloop
  endfacet
  facet normal 0 -1 -0
    outer loop
      vertex 210.35 33.7375 5
      vertex 159.55 33.7375 0
      vertex 210.35 33.7375 0
    endloop
  endfacet
  facet normal -1 0 0
    outer loop
      vertex 34.2 38.7375 5
      vertex 34.2 40.7375 15
      vertex 34.2 40.7375 5
    endloop
  endfacet
  facet normal -1 -0 0
    outer loop
      vertex 34.2 40.7375 15
      vertex 34.2 38.7375 5
      vertex 34.2 38.7375 15
    endloop
  endfacet
  facet normal -0 0 1
    outer loop
      vertex 34.2 40.7375 15
      vertex 49.2 38.7375 15
      vertex 49.2 40.7375 15
    endloop
  endfacet
  facet normal 0 0 1
    outer loop
      vertex 49.2 38.7375 15
      vertex 34.2 40.7375 15
      vertex 34.2 38.7375 15
    endloop
  endfacet
  facet normal 1 -0 0
    outer loop
      vertex 49.2 38.7375 15
      vertex 49.2 40.7375 13
      vertex 49.2 40.7375 15
    endloop
  endfacet
  facet normal 1 0 0
    outer loop
      vertex 49.2 40.7375 13
      vertex 49.2 38.7375 15
      vertex 49.2 38.7375 13
    endloop
  endfacet
  facet normal 0 -1 0
    outer loop
      vertex 47.3 38.7375 5
      vertex 48.8 38.7375 13
      vertex 47.3 38.7375 13
    endloop
  endfacet
  facet normal 0 -1 -0
    outer loop
      vertex 48.8 38.7375 13
      vertex 47.3 38.7375 5
      vertex 48.8 38.7375 5
    endloop
  endfacet
  facet normal 0 -1 0
    outer loop
      vertex 34.2 38.7375 15
      vertex 45.3 38.7375 13
      vertex 49.2 38.7375 15
    endloop
  endfacet
  facet normal 0 -1 0
    outer loop
      vertex 34.2 38.7375 5
      vertex 45.3 38.7375 13
      vertex 34.2 38.7375 15
    endloop
  endfacet
  facet normal 0 -1 -0
    outer loop
      vertex 45.3 38.7375 13
      vertex 34.2 38.7375 5
      vertex 45.3 38.7375 5
    endloop
  endfacet
  facet normal 0 -1 0
    outer loop
      vertex 47.3 38.7375 13
      vertex 49.2 38.7375 15
      vertex 45.3 38.7375 13
    endloop
  endfacet
  facet normal 0 -1 0
    outer loop
      vertex 48.8 38.7375 13
      vertex 49.2 38.7375 15
      vertex 47.3 38.7375 13
    endloop
  endfacet
  facet normal 0 -1 -0
    outer loop
      vertex 49.2 38.7375 15
      vertex 48.8 38.7375 13
      vertex 49.2 38.7375 13
    endloop
  endfacet
  facet normal 0 1 -0
    outer loop
      vertex 48.8 40.7375 5
      vertex 47.3 40.7375 13
      vertex 48.8 40.7375 13
    endloop
  endfacet
  facet normal 0 1 0
    outer loop
      vertex 47.3 40.7375 13
      vertex 48.8 40.7375 5
      vertex 47.3 40.7375 5
    endloop
  endfacet
  facet normal 0 1 0
    outer loop
      vertex 48.8 40.7375 13
      vertex 49.2 40.7375 15
      vertex 49.2 40.7375 13
    endloop
  endfacet
  facet normal 0 1 0
    outer loop
      vertex 47.3 40.7375 13
      vertex 49.2 40.7375 15
      vertex 48.8 40.7375 13
    endloop
  endfacet
  facet normal 0 1 0
    outer loop
      vertex 45.3 40.7375 13
      vertex 49.2 40.7375 15
      vertex 47.3 40.7375 13
    endloop
  endfacet
  facet normal 0 1 0
    outer loop
      vertex 49.2 40.7375 15
      vertex 45.3 40.7375 13
      vertex 34.2 40.7375 15
    endloop
  endfacet
  facet normal 0 1 0
    outer loop
      vertex 34.2 40.7375 5
      vertex 45.3 40.7375 13
      vertex 45.3 40.7375 5
    endloop
  endfacet
  facet normal 0 1 0
    outer loop
      vertex 45.3 40.7375 13
      vertex 34.2 40.7375 5
      vertex 34.2 40.7375 15
    endloop
  endfacet
  facet normal -1 0 0
    outer loop
      vertex 34.2 106.738 5
      vertex 34.2 108.738 15
      vertex 34.2 108.738 5
    endloop
  endfacet
  facet normal -1 -0 0
    outer loop
      vertex 34.2 108.738 15
      vertex 34.2 106.738 5
      vertex 34.2 106.738 15
    endloop
  endfacet
  facet normal -0 0 1
    outer loop
      vertex 34.2 108.738 15
      vertex 49.2 106.738 15
      vertex 49.2 108.738 15
    endloop
  endfacet
  facet normal 0 0 1
    outer loop
      vertex 49.2 106.738 15
      vertex 34.2 108.738 15
      vertex 34.2 106.738 15
    endloop
  endfacet
  facet normal 1 -0 0
    outer loop
      vertex 49.2 106.738 15
      vertex 49.2 108.738 13
      vertex 49.2 108.738 15
    endloop
  endfacet
  facet normal 1 0 0
    outer loop
      vertex 49.2 108.738 13
      vertex 49.2 106.738 15
      vertex 49.2 106.738 13
    endloop
  endfacet
  facet normal 0 1 -0
    outer loop
      vertex 48.8 108.738 5
      vertex 47.3 108.738 13
      vertex 48.8 108.738 13
    endloop
  endfacet
  facet normal 0 1 0
    outer loop
      vertex 47.3 108.738 13
      vertex 48.8 108.738 5
      vertex 47.3 108.738 5
    endloop
  endfacet
  facet normal 0 1 0
    outer loop
      vertex 48.8 108.738 13
      vertex 49.2 108.738 15
      vertex 49.2 108.738 13
    endloop
  endfacet
  facet normal 0 1 0
    outer loop
      vertex 47.3 108.738 13
      vertex 49.2 108.738 15
      vertex 48.8 108.738 13
    endloop
  endfacet
  facet normal 0 1 0
    outer loop
      vertex 45.3 108.738 13
      vertex 49.2 108.738 15
      vertex 47.3 108.738 13
    endloop
  endfacet
  facet normal 0 1 0
    outer loop
      vertex 49.2 108.738 15
      vertex 45.3 108.738 13
      vertex 34.2 108.738 15
    endloop
  endfacet
  facet normal 0 1 0
    outer loop
      vertex 34.2 108.738 5
      vertex 45.3 108.738 13
      vertex 45.3 108.738 5
    endloop
  endfacet
  facet normal 0 1 0
    outer loop
      vertex 45.3 108.738 13
      vertex 34.2 108.738 5
      vertex 34.2 108.738 15
    endloop
  endfacet
  facet normal 0 -1 0
    outer loop
      vertex 47.3 106.738 5
      vertex 48.8 106.738 13
      vertex 47.3 106.738 13
    endloop
  endfacet
  facet normal 0 -1 -0
    outer loop
      vertex 48.8 106.738 13
      vertex 47.3 106.738 5
      vertex 48.8 106.738 5
    endloop
  endfacet
  facet normal 0 -1 0
    outer loop
      vertex 34.2 106.738 15
      vertex 45.3 106.738 13
      vertex 49.2 106.738 15
    endloop
  endfacet
  facet normal 0 -1 0
    outer loop
      vertex 34.2 106.738 5
      vertex 45.3 106.738 13
      vertex 34.2 106.738 15
    endloop
  endfacet
  facet normal 0 -1 -0
    outer loop
      vertex 45.3 106.738 13
      vertex 34.2 106.738 5
      vertex 45.3 106.738 5
    endloop
  endfacet
  facet normal 0 -1 0
    outer loop
      vertex 47.3 106.738 13
      vertex 49.2 106.738 15
      vertex 45.3 106.738 13
    endloop
  endfacet
  facet normal 0 -1 0
    outer loop
      vertex 48.8 106.738 13
      vertex 49.2 106.738 15
      vertex 47.3 106.738 13
    endloop
  endfacet
  facet normal 0 -1 -0
    outer loop
      vertex 49.2 106.738 15
      vertex 48.8 106.738 13
      vertex 49.2 106.738 13
    endloop
  endfacet
  facet normal -1 0 0
    outer loop
      vertex 161.15 38.7375 13
      vertex 161.15 40.7375 15
      vertex 161.15 40.7375 13
    endloop
  endfacet
  facet normal -1 -0 0
    outer loop
      vertex 161.15 40.7375 15
      vertex 161.15 38.7375 13
      vertex 161.15 38.7375 15
    endloop
  endfacet
  facet normal -0 0 1
    outer loop
      vertex 161.15 40.7375 15
      vertex 176.15 38.7375 15
      vertex 176.15 40.7375 15
    endloop
  endfacet
  facet normal 0 0 1
    outer loop
      vertex 176.15 38.7375 15
      vertex 161.15 40.7375 15
      vertex 161.15 38.7375 15
    endloop
  endfacet
  facet normal 1 -0 0
    outer loop
      vertex 176.15 38.7375 15
      vertex 176.15 40.7375 5
      vertex 176.15 40.7375 15
    endloop
  endfacet
  facet normal 1 0 0
    outer loop
      vertex 176.15 40.7375 5
      vertex 176.15 38.7375 15
      vertex 176.15 38.7375 5
    endloop
  endfacet
  facet normal 0 1 -0
    outer loop
      vertex 163.05 40.7375 5
      vertex 161.55 40.7375 13
      vertex 163.05 40.7375 13
    endloop
  endfacet
  facet normal 0 1 0
    outer loop
      vertex 161.55 40.7375 13
      vertex 163.05 40.7375 5
      vertex 161.55 40.7375 5
    endloop
  endfacet
  facet normal 0 1 0
    outer loop
      vertex 176.15 40.7375 15
      vertex 165.05 40.7375 13
      vertex 161.15 40.7375 15
    endloop
  endfacet
  facet normal 0 1 -0
    outer loop
      vertex 176.15 40.7375 5
      vertex 165.05 40.7375 13
      vertex 176.15 40.7375 15
    endloop
  endfacet
  facet normal 0 1 0
    outer loop
      vertex 165.05 40.7375 13
      vertex 176.15 40.7375 5
      vertex 165.05 40.7375 5
    endloop
  endfacet
  facet normal 0 1 -0
    outer loop
      vertex 163.05 40.7375 13
      vertex 161.15 40.7375 15
      vertex 165.05 40.7375 13
    endloop
  endfacet
  facet normal 0 1 -0
    outer loop
      vertex 161.55 40.7375 13
      vertex 161.15 40.7375 15
      vertex 163.05 40.7375 13
    endloop
  endfacet
  facet normal 0 1 0
    outer loop
      vertex 161.15 40.7375 15
      vertex 161.55 40.7375 13
      vertex 161.15 40.7375 13
    endloop
  endfacet
  facet normal 0 -1 0
    outer loop
      vertex 161.55 38.7375 5
      vertex 163.05 38.7375 13
      vertex 161.55 38.7375 13
    endloop
  endfacet
  facet normal 0 -1 -0
    outer loop
      vertex 163.05 38.7375 13
      vertex 161.55 38.7375 5
      vertex 163.05 38.7375 5
    endloop
  endfacet
  facet normal 0 -1 0
    outer loop
      vertex 161.55 38.7375 13
      vertex 161.15 38.7375 15
      vertex 161.15 38.7375 13
    endloop
  endfacet
  facet normal 0 -1 0
    outer loop
      vertex 163.05 38.7375 13
      vertex 161.15 38.7375 15
      vertex 161.55 38.7375 13
    endloop
  endfacet
  facet normal 0 -1 0
    outer loop
      vertex 165.05 38.7375 13
      vertex 161.15 38.7375 15
      vertex 163.05 38.7375 13
    endloop
  endfacet
  facet normal 0 -1 0
    outer loop
      vertex 161.15 38.7375 15
      vertex 165.05 38.7375 13
      vertex 176.15 38.7375 15
    endloop
  endfacet
  facet normal 0 -1 0
    outer loop
      vertex 176.15 38.7375 5
      vertex 165.05 38.7375 13
      vertex 165.05 38.7375 5
    endloop
  endfacet
  facet normal 0 -1 0
    outer loop
      vertex 165.05 38.7375 13
      vertex 176.15 38.7375 5
      vertex 176.15 38.7375 15
    endloop
  endfacet
  facet normal -1 0 0
    outer loop
      vertex 161.15 106.738 13
      vertex 161.15 108.738 15
      vertex 161.15 108.738 13
    endloop
  endfacet
  facet normal -1 -0 0
    outer loop
      vertex 161.15 108.738 15
      vertex 161.15 106.738 13
      vertex 161.15 106.738 15
    endloop
  endfacet
  facet normal -0 0 1
    outer loop
      vertex 161.15 108.738 15
      vertex 176.15 106.738 15
      vertex 176.15 108.738 15
    endloop
  endfacet
  facet normal 0 0 1
    outer loop
      vertex 176.15 106.738 15
      vertex 161.15 108.738 15
      vertex 161.15 106.738 15
    endloop
  endfacet
  facet normal 1 -0 0
    outer loop
      vertex 176.15 106.738 15
      vertex 176.15 108.738 5
      vertex 176.15 108.738 15
    endloop
  endfacet
  facet normal 1 0 0
    outer loop
      vertex 176.15 108.738 5
      vertex 176.15 106.738 15
      vertex 176.15 106.738 5
    endloop
  endfacet
  facet normal 0 -1 0
    outer loop
      vertex 161.55 106.738 5
      vertex 163.05 106.738 13
      vertex 161.55 106.738 13
    endloop
  endfacet
  facet normal 0 -1 -0
    outer loop
      vertex 163.05 106.738 13
      vertex 161.55 106.738 5
      vertex 163.05 106.738 5
    endloop
  endfacet
  facet normal 0 -1 0
    outer loop
      vertex 161.55 106.738 13
      vertex 161.15 106.738 15
      vertex 161.15 106.738 13
    endloop
  endfacet
  facet normal 0 -1 0
    outer loop
      vertex 163.05 106.738 13
      vertex 161.15 106.738 15
      vertex 161.55 106.738 13
    endloop
  endfacet
  facet normal 0 -1 0
    outer loop
      vertex 165.05 106.738 13
      vertex 161.15 106.738 15
      vertex 163.05 106.738 13
    endloop
  endfacet
  facet normal 0 -1 0
    outer loop
      vertex 161.15 106.738 15
      vertex 165.05 106.738 13
      vertex 176.15 106.738 15
    endloop
  endfacet
  facet normal 0 -1 0
    outer loop
      vertex 176.15 106.738 5
      vertex 165.05 106.738 13
      vertex 165.05 106.738 5
    endloop
  endfacet
  facet normal 0 -1 0
    outer loop
      vertex 165.05 106.738 13
      vertex 176.15 106.738 5
      vertex 176.15 106.738 15
    endloop
  endfacet
  facet normal 0 1 -0
    outer loop
      vertex 163.05 108.738 5
      vertex 161.55 108.738 13
      vertex 163.05 108.738 13
    endloop
  endfacet
  facet normal 0 1 0
    outer loop
      vertex 161.55 108.738 13
      vertex 163.05 108.738 5
      vertex 161.55 108.738 5
    endloop
  endfacet
  facet normal 0 1 0
    outer loop
      vertex 176.15 108.738 15
      vertex 165.05 108.738 13
      vertex 161.15 108.738 15
    endloop
  endfacet
  facet normal 0 1 -0
    outer loop
      vertex 176.15 108.738 5
      vertex 165.05 108.738 13
      vertex 176.15 108.738 15
    endloop
  endfacet
  facet normal 0 1 0
    outer loop
      vertex 165.05 108.738 13
      vertex 176.15 108.738 5
      vertex 165.05 108.738 5
    endloop
  endfacet
  facet normal 0 1 -0
    outer loop
      vertex 163.05 108.738 13
      vertex 161.15 108.738 15
      vertex 165.05 108.738 13
    endloop
  endfacet
  facet normal 0 1 -0
    outer loop
      vertex 161.55 108.738 13
      vertex 161.15 108.738 15
      vertex 163.05 108.738 13
    endloop
  endfacet
  facet normal 0 1 0
    outer loop
      vertex 161.15 108.738 15
      vertex 161.55 108.738 13
      vertex 161.15 108.738 13
    endloop
  endfacet
endsolid OpenSCAD_Model
